2,0.92125364378782
402,0.9590159056555005
10,0.9461612242421491
970,1
113,0.8936357762373297
54,0.8987046470208877
271,0.743944292350819
119,0.8991278047982604
471,0.9849858430516756
168,0.9189589633035188
74,0.9333349454787284
474,0.9326562077367098
37,0.8878035094788497
439,0.9553637492253451
99,0.9735107522148404
1632,0.9681364003258646
1127,0.9211503537428108
4,0.9443534869647418
1,0.9822441794086629
505,0.9462131884719274
121,0.9688316675496833
7424,0.9459630698908469
91,0.8872520032572927
297,0.9130677010108044
312,0.920547527134005
238,0.9479621458423845
2473,0.9604486801491086
40,0.9578720180456385
31,0.921219480073646
7400,0.8690353933063905
710,0.9672776947734972
625,0.9476960419513546
744,0.9667269320466082
1401,0.958322187117347
380,0.9605609513729674
917,0.9617406771458304
45,0.9301156141779142
1209,0.9213922374479678
293,0.9473005817757423
512,0.9368724311115648
23,0.9392867915114272
251,0.9521105290959666
2891,0.9684843355616306
44,0.9399215091967519
7552,0.9627787347050459
712,0.961715624812726
249,0.921795475006554
1469,0.9740271377662435
1115,0.9796477739197764
501,0.9233843064998589
436,0.8750142257635154
768,0.9555053681774275
989,0.9684843355616306
1087,0.9120448752573567
532,0.940991314814239
379,0.9415754874797749
389,0.9621192128588331
446,0.873584162290822
126,0.913635607710003
769,0.9450788401885835
1909,0.9187162309058828
131,0.9513495840343246
145,0.9114900354086406
561,0.9705185217589037
148,0.9193098317004171
270,0.9467155627979782
2103,0.940901897932665
237,0.9546768046222966
1409,0.9631504616794809
466,0.94344366929237
223,0.9479356843225261
109,0.9435321654558442
2698,0.8849858430516755
1226,0.9795790854653207
460,0.9660924294139612
1919,0.9684843355616306
152,0.9361933805607324
1230,0.9365756433259821
7327,0.9859971114530779
840,0.9348210253977566
1628,0.9744791411287167
711,0.9610270997927179
1600,0.9737525249145962
935,0.9595847149994136
1270,0.9731798558718957
851,0.9661698180289934
531,0.9709181923901454
234,0.8702926805321167
2438,0.9037621146963374
1913,0.9790207142675618
106,0.9642521526917163
1077,0.9554005974805053
1921,0.9563038023813497
1212,0.9618584382064137
626,0.9622259301788804
108,0.9570474812028406
774,0.9578861264587215
1099,0.9830456892451105
139,0.9630607381179438
193,0.9277589811041133
250,0.934447947003169
1908,0.9467106479201937
1076,0.9430620187886278
1816,0.9257154506475688
1131,0.8840174430792915
165,0.9262051257103768
1398,0.8702213271963191
1601,0.9206988419496125
2439,0.9133194603036994
2440,0.9295339044816352
1078,0.9558951076623897
84,0.9480926234650541
468,0.9326800344796051
16,0.9423922644498889
2441,1
606,0.9914056551406403
7550,0.8819801905966099
654,0.9821266209451502
841,0.9731913723889766
419,0.9680748013326574
2442,0.9133194603036994
153,0.9750222766876869
562,0.9318542985127927
1910,0.9484791948498049
842,0.9521257048924118
1911,0.9537621146963374
63,0.9053601449511849
298,0.9615123458102537
1210,0.9634788808610237
1080,0.9037621146963374
908,0.9579940224376089
353,0.9404824191366481
2444,1
1603,0.9524559324009153
986,0.9621277903955137
500,0.9288511583497876
469,1
401,0.9567379667149717
138,0.9515416941755728
1402,0.9274794775332214
1214,0.984682311483652
1602,0.9633194603036993
987,0.9348340772676638
1400,0.9628858948926489
365,0.9695322102902089
311,0.9577121452604492
1914,0.9680315669960494
438,0.9618635848634878
988,0.9372848661214552
2445,0.601520805150195
656,0.93371678525939
354,0.8455601092097556
771,0.9668258076874846
607,0.9675549696915555
844,0.9670078911297557
846,0.9640419723596159
2446,0.8849858430516755
200,0.9641179846214945
847,0.9522835507424499
224,0.9631472216755699
503,0.9353015817030707
1606,0.954972184052747
3480,0.9626278928538559
437,0.9509141188521397
2447,0.9037621146963374
2443,0.9398372494093896
129,0.8995896137926703
149,0.9636975236868118
1607,0.9854443737152778
1916,0.8996755585814515
504,0.9514458778101612
7401,1
909,0.9910168024605616
1605,0.9700115325191871
770,0.9514546699382781
845,0.9440398465831951
655,0.9626264698005452
773,0.9508470667242565
236,0.9721728730869545
2448,0.9624118678108257
843,1
502,0.8718283392587173
366,0.9721813308909639
1922,0.9167325189507403
167,0.9670738030665843
1219,0.9757599214990528
1082,0.7462378853036625
150,0.9395481676917653
1081,0.9867027188202918
209,0.9529686312387711
713,0.9726390006010945
470,0.9653419289674107
215,0.9143102353827997
322,0.920815430352088
990,0.9810263758613743
1917,0.9535480012043487
848,0.9563369859743601
1083,0.9675853274805435
2451,0.9746272503296322
72,0.9539222931632138
2449,1
1611,0.9019286686172033
2454,0.9133194603036994
2450,0.9083292161812371
1610,0.9484791948498049
2453,0.936031260270979
169,0.9216794465194331
991,0.9598394443521061
420,0.8866805396963007
441,0.9674440102613147
1613,0.9823328975560287
993,0.9599737727738555
772,0.9531255482244365
21,0.9349029237232629
2456,0.9931373447520966
2455,1
2458,0.9948316030196355
1927,0.984682311483652
2457,0.9948316030196355
272,0.8970229046961907
7582,0.9433304458552471
563,0.9618646655407632
564,0.9082819255445358
235,0.8909301505691837
2459,0.8849858430516755
1915,0.8651348673422353
1085,0.9474025273762998
7437,1
1404,0.9617361054096323
1928,0.9611760349351783
534,0.9452996136901326
715,0.9412388320578474
658,0.9062465208078606
1221,0.8419696109088678
2465,0.9133194603036994
2464,0.9681624177490736
657,0.9593984267382469
1222,0.936713290611096
2466,0.9579000454147713
659,0.9604486801491086
2460,0.9616752204435459
565,0.9667206123696837
1088,0.955536514781145
1925,0.998479194849805
3516,0.9622077437033307
252,0.9516081333469041
1608,1
1215,1
440,0.865892232277502
175,0.9572708598995867
1609,1
2462,0.8318375822509264
2468,0.9133194603036994
42,0.9375952287885726
1224,0.9558724627606098
1926,0.9270258898133137
1090,0.9540005361718262
2469,0.9931373447520966
2471,0.9681624177490736
443,0.9343443926980778
2467,0.9133194603036994
997,0.9204895817496813
1220,0.9785627687708226
1930,0.9313676749063475
717,0.9701909832409386
1091,0.9691006724232478
2472,0.977875274969124
996,0.9725725609157936
2470,0.9792171551131699
100,0.8899440963689133
355,0.9490590748048318
2474,0.9616752204435459
718,0.9706164298536558
994,0.9653381568530215
2476,0.992884532765441
716,0.9716316421176937
1413,0.9691780229893175
1093,0.9685382743398261
609,0.9710188877816617
507,0.9545152026220087
201,0.8903234719911268
506,0.8545629633837805
1227,0.7665529110627168
535,0.9602522014894196
536,0.9661383563893075
1228,0.9081245150562989
1096,0.9459432399495933
1089,0.9728482479279874
382,0.9613952237258117
910,0.9696039378280676
2482,0.9586168075588923
473,0.9692192041615217
2478,0.9648874664441509
566,0.9454582392622884
911,0.9830111979974145
472,0.9597644624584264
2480,0.9583279960460709
2477,0.9899561578957994
1932,0.9459872747579681
1095,0.970646815258284
381,0.7922662874445613
998,0.9862427512710706
323,0.9381288593994603
1619,0.924461693518178
775,0.9260075870150482
533,0.9851508939689676
7569,0.8726109137734948
1098,0.9308939603253125
194,0.9420533690754818
1933,1
1618,0.9771056093662045
1416,0.8962378853036626
422,0.976014140733301
7371,0.9696878996265555
1216,0.9581245150562989
2484,0.9550747636800754
339,0.9366058399000515
2483,0.936031260270979
1614,0.9948297611330938
2485,0.9133194603036994
442,0.9262295386362235
992,0.9816619358506985
1094,0.9549590233946625
1406,1
529,0.9616964191897085
1938,0.9445278269067716
1935,0.8599236832053266
537,0.9533504536172951
216,0.9498904426891954
2488,0.8849858430516755
324,0.9778724080829515
1936,0.9377413881199537
1918,0.9724902139185121
2475,0.9081870008350216
1420,0.9673345943142331
1086,0.9555484411813815
1621,0.981189466822407
2487,0.9295639630393923
1218,0.9555484411813815
421,0.8295885613057132
714,0.7923799517157744
1940,0.9986457087837044
403,0.9706260589781004
274,0.9079828411934708
1615,0.9623859957398663
1931,0.9589071015615243
1942,0.9711015739995038
2481,0.9830008713802216
1624,0.9827488146301638
1419,0.969585255676185
1399,0.9476963717485398
299,0.9683301150842678
1232,0.967629120828768
2490,0.9436726342157108
1225,0.8849858430516755
610,0.9591283648553742
7402,0.9627770788074899
48,0.938230883856161
7511,0.9328975153709566
340,0.9771345114644492
2494,0.9956385855889632
159,0.8468139488258006
467,0.9382961719177842
1234,0.933200952001751
767,1
423,0.9589381254226752
444,0.9459282235551576
1920,0.9686276728935488
273,0.9594667021356287
7589,0.975758021916772
2492,0.9633194603036993
1623,0.9820073332959466
1412,1
1415,0.9541336910742101
912,0.9866512588022741
1092,1
341,0.9619842084458152
181,0.921047636297648
1229,0.8202087198118181
1408,1
1097,1
111,0.928346471812569
1945,1
2495,0.9813259059525061
1421,0.8517689603630311
850,0.971905847219825
508,0.9159963391267425
187,0.9583210493578403
313,0.9241594473187531
567,0.9230097180352955
1943,1
662,0.8564995448133761
2486,0.9436389438809456
89,0.9366561792758117
568,0.9704907530132618
325,0.9389740737217823
445,0.9119815991883371
447,0.9523477535386053
913,0.9851523549817486
1625,0.9457761911666013
1100,0.9642721974602975
1950,0.9330199632326457
1629,0.9514669069214798
1405,0.9520326591312516
1079,0.9976365618532528
1233,0.9447349072351656
7413,0.9984115945864916
2499,0.8849858430516755
1947,0.9682695799759656
1949,0.9330199632326457
995,0.9255645893717709
225,0.935358141089967
1946,0.9401846805669264
2496,1
2497,0.8849858430516755
1101,0.9760895423577164
140,0.947253531639832
660,0.9774321893214944
914,0.957625273240805
1414,1
569,0.8968075964607539
1422,0.9462378853036626
1630,0.9830149157738828
2491,0.9749559704021931
1951,0.9638105482351836
1231,1
404,0.9620446433712851
1211,1
50,0.9473565884966477
1410,1
405,0.9723293391367065
776,0.6883485794918975
1633,0.9761331615090516
263,0.9803782653269952
999,0.9596708728073862
1620,0.9340819765847679
2501,0.9684279098083948
1612,0.9544966261705885
1223,1
356,0.9052851797515901
88,0.9270723038046238
1411,1
1002,0.9567960195442784
326,0.9677769867372723
1418,1
2502,0.9644520244555853
538,0.976448025497497
570,0.9562586192553995
101,0.9555338206598567
424,0.9336273036870483
1236,0.9389755741315895
1616,0.9871180610135708
65,0.9523750793534428
1956,0.9976033534058881
35,0.8956746587167238
661,0.9855501053092534
33,0.9686668345841545
2503,0.9565030105105001
1213,1
97,0.9108181747480443
342,0.9770836234917011
1959,0.9967152887498262
154,0.9554032536082636
1960,0.9915846684713521
2506,0.9849403784193159
1102,0.985698929326452
1235,0.9957195273962474
1000,0.9809813511265918
1423,0.976525945110465
1626,0.9760054589046043
916,0.9466252930458272
2504,0.9595030668117682
1955,0.9731271920145708
571,0.9528122751507014
239,0.920268479163432
1104,0.9834075061021741
915,0.9636352340095724
1953,0.8986457087837044
1944,0.9811885489451434
612,0.9615503427909178
2493,0.9434452031786827
7372,0.9797644628754025
1957,0.9231626545959362
1635,0.9520846776098071
1103,0.8864029541119305
1001,0.9482414868106532
1634,1
1965,0.982697154826777
2510,0.7889417293706835
1952,0.9375881321891744
2507,0.9940359438024515
1964,0.9944845022342514
1425,0.9439323009191286
1105,0.9567404592490565
539,0.9758258742092961
663,0.9774126141878281
2511,0.9133194603036994
777,0.9645833954109058
1417,0.9774555014155536
75,0.9625544571954882
611,0.9868257526209739
2505,0.9716245605286403
1962,0.9664102425070267
2518,0.9559640561975485
1426,0.901378515998391
2500,0.972087135496346
327,0.9359112622256076
1403,1
1424,0.9053039705028314
1237,0.9372034997624678
2520,0.9436389438809456
2519,0.9672810209472291
2509,0.5940359438024515
7438,0.9823610294942653
2514,0.9559640561975485
853,0.9732883877653332
1238,0.8315720901916052
511,0.9872611537721174
1966,0.990171628062329
2515,0.9559640561975485
2516,0.9981334064375614
719,0.9561852864720417
2512,0.9602798845501972
852,0.8058806559219407
2521,0.9383937867769047
1622,0.9794277664963396
2517,0.9716245605286403
1969,0.9723024578883155
1967,0.9825829913279172
1636,0.9762200039855657
1638,0.9471845554974643
664,0.968764353862205
425,0.7622994527072602
182,0.9646185140671709
2522,0.9559640561975485
2523,0.9507340772330125
510,0.9540016705279839
475,0.8848045603166845
918,0.9663682822718368
666,0.9613672290002777
1640,0.9618311520781127
328,0.9700802181788152
920,0.9793047043999713
226,0.9591258716673154
1948,0.9906661686017635
137,0.9671489279108226
1639,0.9763133259550218
2526,0.5839975306257597
1084,0.9696289147784527
368,0.9412769614214229
217,0.9743782757430268
1107,0.9611142576203577
367,0.9327246328354792
1217,1
1239,0.9464400695929993
720,0.9454981000855427
1971,0.9686265024111904
921,0.9447448309926045
2525,0.9888771922433855
7373,0.9918269318707023
383,0.9524022907473819
155,0.9692715590106227
922,0.9168463716639036
7423,0.9475484229583727
1428,0.9469425827650744
2527,0.9828474620724686
1642,0.9511864735469966
1641,0.9565440659778998
1109,0.9489323003061796
2529,0.9937443255245761
1240,0.9678796582332814
1106,0.9605644167257984
2528,0.985983346762693
1973,0.9757413675101636
2532,0.7373944572230584
7508,0.8380925849414174
1644,0.9793706711333716
1003,0.99201858540081
668,0.9568838997401651
2463,0.9688114510548567
2452,0.9807070605800473
1978,0.9669363951848023
1977,0.9415042918502264
669,0.9600907107241667
721,0.9456609219895457
1647,0.9885760003851193
1648,0.9402065362340317
343,0.9808582697259207
1110,1
2489,0.9795784119994726
1637,1
2533,0.9861827564836816
130,0.9652533699603661
1974,0.9754481563116338
1924,0.9807070605800473
2534,0.9790295135949728
778,0.9867423455643972
1241,0.9221308637687867
1979,1
1004,0.9766209387849258
509,0.9720644057554727
1976,0.9989773200491945
1929,1.0
1975,0.9683322907956893
1645,0.9475484229583727
779,0.9385906749986395
1972,0.9975484229583726
1980,0.9191446828645697
1981,0.9773179160843055
1643,1
1108,0.9443392092003425
614,0.9203322009086911
665,0.9564444760701302
613,0.9535072839985668
1429,0.9848370799772023
2537,0.9871118767076599
573,0.8671865184225042
2536,0.9464398217694548
448,0.9461998458061925
1983,0.998479194849805
2539,0.9254779279861758
513,0.9794053340987247
722,0.7829830779655621
1243,0.9133842160701031
1651,0.9773054154992451
1985,0.9976520000768689
2541,0.5855479755444146
202,0.9646092591276001
1984,0.984048739475593
406,0.9640856375359542
7498,0.9711183152335092
855,0.695343838880955
2540,0.9983712374936868
572,0.9529044014240079
90,0.9464667410091285
2538,0.9628881232923401
102,0.916650393581102
924,1
923,0.9942585002639128
2546,0.8708944672729453
3774,0.9179045050681403
2544,0.9696333804056354
574,0.9164181823634265
856,0.9980019714124313
2547,0.9831160891609159
1988,0.956860421358342
780,0.9456710946424756
1991,0.954656161119045
478,0.9686558782389152
1431,0.9836148093880732
1992,0.9825489468929294
2549,0.9874206748388303
1990,0.595820094095686
1005,0.7458200940956861
2551,1
2542,0.9947301318617798
2543,0.9952673423153638
1244,0.9402842228335119
2548,0.9809813511265918
667,0.9720672306480574
2513,0.9981334064375614
1430,0.9606932542154283
781,0.9669363460817385
608,0.8823374693200741
477,0.9428711693176611
2557,0.9169818688604261
576,0.8335008783099669
1655,0.9959091931741503
540,0.9616699303041889
1994,0.9785198049962296
2558,0.9672810209472291
7449,0.9956385855889632
1958,0.9975484229583726
2535,0.9524515770416273
575,0.9627176236787217
2556,0.9484791948498049
1987,1
476,0.9900140755049597
57,0.9522327126195049
1657,0.9866053223881684
1998,0.939061593901886
926,0.9722164453348999
2001,0.9078957380540219
1997,0.9681624177490736
2000,0.9780594142590725
449,0.9396535680949727
2565,0.9484791948498049
1999,0.9925527084255932
1658,0.9793560897332511
1659,0.9627738184185958
384,0.9389783714646383
183,0.9392407308026374
7546,0.9672349772476619
1654,0.9380984212056189
1996,0.9818375822509264
1111,0.9752102807614449
1660,0.9828584731317132
1247,0.7232461534100292
282,0.9006157330514867
2566,0.959828371937671
854,0.9209014729324468
2564,0.9867027188202918
357,0.9395870478121814
7524,0.9834845829053962
670,0.9478980372797817
1248,0.9652364236302423
1432,0.9857618187069686
7394,0.9337166711487166
615,0.9568898930929484
2560,0.9985200163682791
2570,0.9681624177490736
1433,0.9708333175766621
2568,0.978034281686696
782,0.5658282488570265
2553,0.9959091931741503
2004,0.9615170739603702
927,0.9284046050503609
2567,0.9691261564619637
1007,0.9207596621853579
1662,0.9560354042426047
1434,0.845820094095686
1934,1
2545,0.9867027188202918
2562,0.9524515770416273
2569,0.9808738435380363
1661,0.9488371110437801
283,0.9294466987755738
1653,0.990685939615888
2572,0.9874206748388303
2571,1
7564,0.8832141977263305
1663,0.8355358220331296
2561,0.9747258244737605
579,0.9192999908232341
2010,0.9104285754781729
2574,0.9732897230157581
1995,0.9790207142675618
1437,0.9721092254611555
1250,0.9810360138762263
925,0.9561612742962063
358,0.9092966504354123
1438,0.8989568148495903
7570,0.9155595504649918
2008,0.8553948385324481
1254,0.9085479503972991
2006,0.6650141569483244
385,0.8846349668164196
919,1
1993,1
2011,0.9869379960858871
578,0.9391374029183789
2559,0.9624118678108257
1435,0.9854876243941517
264,0.9219924111530744
928,1
2563,1
671,0.9577591314828953
857,0.9662404383456594
2014,0.9433980376515442
2575,0.9874206748388303
2015,1
1666,0.9830245433988334
2012,0.9676021485031407
1665,0.9460982573817793
1963,0.9803005326267629
2013,0.980586749216259
2531,0.9684843355616306
1011,0.9848199956052136
1113,0.9974778066693716
725,0.9681457585272742
1669,0.9620465642949363
849,0.9489505544335533
1667,0.9768127017140857
2002,0.9633194603036993
1255,0.971347175677941
1006,0.9238577181176494
1672,0.8355358220331296
2578,1.0
1436,0.8989738449219776
1652,0.990459653024155
39,0.9278146795470691
2016,0.978206511817067
1112,0.8029519379620005
1668,0.9974491925866918
672,0.936258320561609
783,0.9066821280770642
1439,0.9874206748388303
2018,1
2550,1
1671,0.990011571219454
1441,0.9488028341728185
7518,0.8197844971089705
2007,0.9904564124631798
2581,0.9651889386323543
2582,0.9672810209472291
2579,0.9850488620319864
300,0.9665694195526573
2580,0.8817893364603677
1673,0.9780724809716346
617,0.9558124817093245
2588,0.980586749216259
7329,1
28,0.9390284497372449
620,0.9458013204676259
1258,0.9670209016337438
784,0.9575781345128863
726,0.6485928840737873
1013,0.955729464700164
674,0.8767785805234934
7596,0.9342041538470758
858,0.9901061731302703
407,1
1256,0.9679443582843786
2554,0.9879301536874927
1008,0.9287655537403742
1114,0.9016150710478688
2019,0.9708872930508073
2022,0.9947263234829482
2020,0.9774617223565618
2461,0.9739299956765308
1646,1
1009,0.9446742610903719
344,0.8300834490932524
210,0.9311264795880806
240,0.9095029059239091
2029,0.9475397162112262
78,0.9557418410093217
1015,0.9651889386323543
2585,0.9052736765170518
1444,0.7920786530173692
1116,0.9130278434258802
580,0.9689708997602247
2591,0.9787405822792661
76,0.9668067433947801
616,0.9773316611272992
1446,0.9747244983174856
2584,0.9719657183133039
1014,0.9586027050856524
2023,1
2027,0.9834598144593362
408,0.949443100873388
727,0.9249304799884243
2590,0.9680562535035088
514,0.9778598911333318
1676,0.9787904134789811
1677,0.9450802145161697
676,0.9737185705343135
1941,0.9452707016025719
675,0.9170076775786254
479,0.9003834234949494
2593,0.9574292133754977
2031,0.9621999164895076
2592,0.9549197854838303
2025,0.9506904827572537
2030,0.9748458917200272
2021,1
1253,0.8246240749313896
1447,1
619,0.9578486016610798
450,0.7041025359199937
859,0.894359632880542
1982,0.9942824537220025
1449,0.9259098758462919
1670,0.8355358220331296
1010,0.9767891197772407
7519,0.6666909617934829
2583,0.9228284228958074
1251,0.9227570133219316
1259,0.9512912302942138
1678,0.9633194603036993
1674,0.933093592649533
1260,0.8938448602396467
862,0.9689789327301048
1245,0.8474491925866918
2596,0.9834350182569882
480,0.9577401368944968
541,0.9612699112335974
195,0.8895602346174637
2034,0.9867440668416669
369,0.9612991751408847
1262,0.8521538984461638
2044,0.9914908667666624
218,0.9273143778599444
2040,0.9982857215711337
2039,0.9982857215711337
1680,0.6085091332333377
2573,0.9726179300749638
860,0.841369832618448
2041,0.9856431907047503
1451,0.985014640430316
2598,0.9765943261512856
11,0.9140323951289959
1679,1
1257,0.9775136326576914
2032,0.9859010023109644
2604,0.9052736765170518
1664,0.9515208051501951
2597,1
2603,0.9985200163682791
7587,0.9640180792533715
1675,0.9989660036378598
2037,0.601396586139637
2587,0.998290557550572
2038,0.9634484945641979
677,0.9568680444198555
2033,0.9766653543564123
1452,0.628483997127504
2043,0.9294352338383586
1117,0.9310893908978658
2042,0.9867440668416669
678,0.9674616581817672
2586,0.9875881321891743
929,0.9069791616186063
1264,0.9420011215189792
2601,0.9944845022342514
1118,0.9388466526166547
1968,0.9734056738487143
2589,0.9006904827572537
2026,0.9521538984461638
2036,1
1681,0.5355358220331295
2049,0.8855358220331295
2608,1
1456,0.9327887959671193
6,0.9410873919100877
2003,0.998479194849805
623,0.9401776952159462
275,0.9431912583605079
2606,0.8796569665202051
2005,0.9164756235879491
864,0.9638079541639123
2524,0.8799574010351631
1249,0.903928319525762
785,0.9465713944722063
1683,0.8860751915727334
1650,0.8355358220331296
2050,0.953703281837757
1455,0.7401310727580388
2595,0.961740459018357
2009,0.9691774223518625
1450,0.954364903178559
2048,0.9118899864586754
1627,0.9356492906553668
2607,0.9355358220331296
386,0.9134699020679137
2046,0.6047292983974282
2552,0.9879238365854086
481,0.9674600211713867
786,0.9729696093145953
2602,0.8947263234829482
2610,0.9970061538592648
622,0.9826220873720666
2047,1
932,0.9219372303133487
1119,0.9266019899231653
2599,0.8694024102648014
1265,0.8888040755145868
2045,0.9690291111319346
2024,1
1121,0.9707109314386717
77,0.9626645289288042
1246,0.8560126439543795
1453,0.9813977462226366
863,0.9618882725711715
931,0.8860762986437442
679,0.8296321411572851
426,0.8394864515769356
7374,0.8432667010053889
1012,0.9947928040280537
7561,0.8782905430068035
1122,0.9688536123364008
1266,0.8970111370079102
2612,0.953703281837757
2051,0.9791829940430296
2028,0.9947263234829482
2609,0.9267102769842419
2611,0.8401716280623289
2054,0.9978278849352834
930,0.9978215989194361
2600,0.9927507463523183
724,1
624,0.9954154238743378
1684,0.9479714571634721
2617,0.9970820942815911
359,0.9822146588010497
2059,0.9970820942815911
1687,0.9813259059525061
2616,0.9970820942815911
2057,0.9970820942815911
2052,0.9506904827572537
302,0.9029373832097267
254,0.9235881338320784
2622,0.9932185758024686
2056,0.9970820942815911
1458,0.8907008173276302
2621,0.9988928131479781
1686,0.9840356144268041
2060,0.9529179057184088
303,0.9502856766863137
387,0.7880270554416121
2061,0.9970820942815911
2062,0.9529179057184088
1120,0.9325591592373207
2017,0.9633194603036993
132,0.950118230482656
2623,0.9766653543564123
2055,0.9970820942815911
3999,0.9605744567041355
7533,0.9578442747097193
1682,1
1261,0.99271786289161
1688,0.9816975042730234
2620,0.9052736765170518
2058,0.9970820942815911
2064,0.9168053053783105
7439,1
865,0.9706136129769272
2628,0.9766653543564123
2627,0.977407452601293
1267,0.9655443263514611
1690,0.9525011442979907
2625,0.9766653543564123
2626,0.6047292983974282
2067,0.9987541137151568
1937,0.9811885489451434
2065,0.968239636965205
2629,0.9827567094090182
515,0.9156074514700434
934,0.9823100828904399
2069,0.9309140841103707
2618,0.959828371937671
788,0.6084860978936476
2070,0.621793488182933
2637,0.961740459018357
723,0.8862385452497805
2635,1
2639,0.9732897230157581
7576,0.4723777364822711
7520,0.7000056435921851
7396,1
2605,1
2644,0.9988606062351687
1124,0.9470167049331554
2642,0.9524515770416273
1989,0.9849139920885208
2613,0.9989519454273843
7571,0.6384059021039041
7409,1
2645,0.9976386110263668
1693,0.8948110472816274
2643,0.9895765906912948
577,0.8788284302385234
2072,0.9478867680698051
1460,0.957310123168431
7395,1
2068,0.9923002141693246
7414,1
2619,1
2614,1
2636,1
1443,0.964018244375419
2035,1
79,0.983309196786336
7415,0.9526156613413961
1939,0.9803666195943646
2649,0.8588111899242139
2646,0.901430905202224
728,0.9414368641161596
2615,0.8489680465477975
1692,0.9729140003295982
2508,0.961740459018357
1445,0.8871343359427375
2648,0.9967152887498262
2647,1
1461,0.966656007770133
2640,0.9976386110263668
2077,0.9328684882566379
2624,1
1462,0.8811133285190377
1126,0.880438921070778
583,0.9600581899491981
1689,0.9805282480126989
2662,0.9672143175905539
2071,0.9837397409797357
2660,1
2659,0.9637214844141776
1694,0.8929945495291882
2653,1
2658,0.9751541082799727
581,0.8415784522142106
2663,0.9529938461407351
2076,0.9975484229583726
1698,0.9998703126688345
2666,0.9718295304355467
2665,1
55,0.9217708827354706
2082,0.9295221565512448
2668,0.9468974868726193
1696,0.9959959486875503
2675,0.9939685619079914
2084,0.9906801050387513
265,0.8659734151402833
20,0.8769710615483833
1269,0.9668841927945371
1697,0.9778274095285151
680,0.9458490035985898
2669,0.9448107066301383
867,0.8358390604922843
388,0.8808498031474299
4311,0.8404153815944642
2670,0.9910600765548064
2655,0.7382183558431076
1463,0.9049067479518618
2083,0.96726759578575
1700,0.9954154238743378
2086,0.9574029366952683
2672,0.9910600765548064
2081,0.9515635300637454
2074,0.9931710175253754
2674,0.9979304936500895
1263,0.9037391539478128
2555,0.9520284020153296
2683,0.9910600765548064
2654,0.9910600765548064
1018,0.9897862882025897
1702,0.973019219678235
18,0.9372768105106609
1448,0.9539651990021034
7450,1
1252,0.9209225452297876
2085,0.9979304936500895
2671,0.9982533017710759
2678,0.9910600765548064
482,0.9440727831193392
1017,0.9862839110905615
1703,0.9750650066407497
2088,1
1699,0.9624491002361188
2685,0.6047292983974282
1705,0.970670251861086
2089,0.9988764326464907
1656,0.9920263514438463
729,0.9613898488608692
2684,0.9616675133494847
866,0.9726017761384497
2680,0.9550131340687734
2087,0.9880226821799788
1701,0.9752145992611276
2661,0.9555154977657485
2656,0.961740459018357
730,0.9118028156325595
933,0.950328657300709
146,0.9687151396874333
1019,1
1466,0.9506964264586385
2688,0.9910600765548064
2630,0.9282065118170669
2691,0.980586749216259
1464,0.9218197040812234
1467,0.959454121202997
936,0.9691321537110318
2689,0.958316197670232
1704,0.9954154238743378
2692,0.9732449788627744
542,0.9674440737653227
314,0.8780794185051726
1649,0.9812167828913219
2693,0.9237457968357301
628,0.7091576131877121
789,0.657899564656445
2092,0.9900700174420319
2694,0.9910600765548064
2091,0.9574029366952683
1468,0.9878126805198492
1271,0.9584493671013098
1273,0.9840725893586466
1695,0.9773545190169433
4017,0.9687218297733705
627,0.9527553177465626
1123,0.9717713133819359
2063,0.9776245153626343
937,0.9712437373930475
2094,0.9660024693742403
2664,0.9787643151261648
1021,0.9754537654659824
7328,0.7788070309535818
231,0.9231312407472425
2095,0.9776245153626343
1125,0.874721098345451
117,0.964691045946565
1275,0.9386311222681175
7448,1
2073,0.9637348484925968
2682,0.9696333804056354
2696,0.6047292983974282
2697,1
1454,0.9989190085260021
451,0.9583712152261726
2093,0.9620761634145913
938,0.9763339346239658
516,0.973306084166098
7440,0.6232522220987222
731,0.7246399889399976
253,0.9117183858223713
2699,1
1129,0.9773004789171799
2096,0.9699776654469989
2695,1
2701,0.954003417055523
1427,0.9796819103781044
1708,0.9643602130742538
2097,0.9502055755960712
2676,0.9570535259130316
629,0.922767234592656
2704,0.9860336514337258
2687,0.9624118678108257
1440,0.9618490524573734
2099,0.9697927000020511
2705,0.9988135947171624
7572,1
2681,0.9988135947171624
2703,0.9806454765589085
1706,0.9333228897982851
682,0.9786611534174053
1130,0.943741193974485
1276,0.9714737374158907
2700,1
47,0.9043089089807407
17,0.9529625758129567
2667,0.9646087384276804
2101,0.9953889068234149
1132,0.9770742785567815
1691,0.8233344925225516
2100,0.972249692593754
939,0.9673955327868491
2530,0.9910600765548064
1133,0.9672352608516315
2708,0.9910600765548064
7452,0.7993090903370481
7451,1
790,0.6979676194446531
543,0.8967317103840025
7580,0.8713446777141904
1685,0.9794735065919229
732,0.9786351508908357
2706,0.9910600765548064
26,0.9240575312913096
2710,0.9237457968357301
2102,0.9536712111977483
2709,1
791,0.5863838993260997
1465,0.9716281949565378
2712,0.9888775368457887
2105,0.9422285444368413
2711,0.9432481280072222
2104,0.9938066998613508
2106,0.9427431279270435
940,0.9869725696264602
2715,0.998617226797669
1710,0.9710929998056758
255,0.9695444105528019
2677,0.9561995994896979
2714,0.9873926771995898
15,0.9148478246489942
630,0.9285547311772935
681,0.865619316714802
2108,0.9805145473042474
2716,0.9986656371875104
584,0.862104224358852
7499,0.9613676615497757
1268,0.9527909753593029
66,0.961870455692817
2109,0.9819234273020582
2719,0.9986105078790177
188,0.8739369937075879
2713,1
2720,0.9436726342157108
2721,0.998617226797669
1242,1
212,0.9468803789748165
2722,0.9652079961366171
1471,0.9367005361591132
1709,0.9248206369535485
2717,0.9660024693742403
2723,0.9589399234451936
2110,0.9846197268201158
1472,0.9915308556628007
792,0.9811991110637733
2724,0.7898057559054008
2726,0.9951969160187356
1712,0.5844711177112267
2725,0.9624118678108257
7603,0.9122025180447355
870,0.8612146455224409
2111,0.8065023953301942
7453,1
2641,0.9898057559054008
2112,0.9242583534042146
2728,0.9898057559054008
1470,0.978206511817067
2075,1
7557,1
545,0.9260104029867684
2729,0.9714878626749743
22,0.9387582580137811
2732,0.903387711401949
1473,0.9339439295465334
1457,0.9842910410113894
1714,0.9821960854312747
452,0.9619069905940577
2631,0.9194946300535993
869,0.9721235863603134
2731,0.9624118678108257
345,0.9433024133379938
1716,0.9574873511316468
1713,0.9655944741732542
2098,0.9727543973146624
2733,0.979791280188182
1617,0.9344711177112268
2107,0.961740459018357
1717,0.9811423680359663
733,0.9618946297020248
315,0.9710051949995387
2707,1
544,0.9111466937682714
1715,0.963671743642736
2734,0.9561995994896979
2735,0.9974959877770889
2736,0.9714878626749743
868,0.9312523350911215
2727,0.9735031076191456
1718,0.9760965232354016
2114,0.993800400510302
2739,0.9791829940430296
1719,0.988259540981643
1720,0.9694593033290287
2730,0.9927507463523183
2741,0.9561995994896979
2740,1
2116,0.9438004005103021
2738,0.9562505770566158
2117,0.980724034774789
2737,0.9995447225489369
2742,0.9624118678108257
2115,0.9846197268201158
1279,0.9827727958352194
734,0.9647528321413225
2743,1
1923,0.9625198803323407
2118,0.9578909503889527
2576,0.961740459018357
1280,0.9630200305452462
2066,0.9893206154366448
2744,1
2119,0.9573594304310816
7547,0.9583408453924969
9,0.9322464344224682
1475,0.915852684469818
2748,0.6530443092748143
2749,0.9910600765548064
586,0.9429067998589139
2747,1
2746,0.9624118678108257
483,0.9649737753382451
2120,0.988259540981643
2753,0.9674533196322295
1476,0.9655212851706421
1721,0.9612346619102099
1477,0.9791836554521591
2752,1
2750,1
1474,0.9582861043818407
546,0.8754046575553428
1442,0.9668021766644842
1722,0.9344711177112268
2755,0.9907565918294428
793,0.9634840092502669
2079,0.9742417496014937
2638,0.9573594304310816
1278,0.980871579097979
2757,0.9986216742035041
4721,0.9624118678108257
284,0.931594927022499
1277,1
735,0.9752850516490146
2121,0.9176261317100525
2122,0.9764983701385838
1711,0.9785848357333707
304,0.9380848727672443
1282,0.9549766282301781
1285,0.9733990849061225
2758,0.9237457968357301
2754,0.9875881321891743
2756,0.9624118678108257
1284,0.9497200729561326
2760,0.9364317585341558
2762,0.9629687177419566
2751,1
632,0.9574496386043404
2761,0.9870312822580434
2125,0.9437494229433843
2765,0.9911240687719057
736,0.8878196136268827
160,0.852653028968756
2763,1
2764,1
2479,0.9485031076191457
2126,0.968775314774569
794,1
211,0.9463244845896148
203,0.9584743980968522
2767,1
2766,1
2127,0.9597509817987278
135,0.9646300925533271
219,0.9580840356016935
1478,0.9373240374552155
2686,1
7387,0.9270289451221041
1135,1.0
1725,1
1726,0.9720514922335692
2769,0.9982057807478534
98,0.956387244291481
1136,0.9730549645034723
1283,0.9332154819300557
1286,1
2123,0.9828254725711759
942,0.972255290237867
2124,0.9579470473393061
1022,0.9473910589091183
2771,1
2128,0.9551135919753142
683,0.9502289243489976
943,0.98482301724196
1137,0.9643152878963447
2770,0.9364317585341558
196,0.9153831258831012
2773,0.9573594304310816
122,0.9589015090787462
2768,0.9804133538372579
2774,1
2129,0.9648464443790274
2772,1
7563,0.9715908997408762
2776,0.9986105078790177
2778,0.9672810209472291
2777,0.9635682414658442
2775,1
346,0.9574045551703918
871,0.9305120769011049
7565,0.8025359784795345
944,0.9286604025807779
1727,0.9912071608308837
1287,0.9721136512902595
795,1
2779,0.9624118678108257
305,0.9696775721440208
1729,0.9651629200227978
872,0.8282351415119494
2690,0.9237457968357301
2780,0.9624118678108257
2781,0.9364317585341558
1138,1
67,0.9505915673931179
587,0.9693073947151897
232,0.905972501773763
2783,1
1281,0.8784378854241168
2784,0.9624118678108257
256,0.9679483461956847
2786,1
2785,0.969924945655691
409,0.9764135799154174
2130,0.9657156151347386
2790,0.9988968674841807
2789,0.8530443092748143
1728,0.988259540981643
7455,0.3619892103490274
4888,0.9605744567041355
14,0.9422971811109339
2788,1
1730,0.978897932702091
2792,0.9978488915940974
1023,0.9059919813452714
1479,0.9226548996188911
2791,1
1731,0.9429036172713324
2132,0.9117671330010513
2498,0.9624118678108257
360,0.9588012083393551
588,0.9478660939829947
51,0.9594250706560702
2135,0.9449800683058165
2796,0.9294623361444564
2131,0.9628806992845681
2134,1
2133,1
1288,0.9773183334026955
2793,1
2138,0.9294623361444564
2136,0.9294623361444564
1139,0.9575729666090327
2797,1
4910,1
2798,0.9733327978107543
2137,0.961740459018357
2799,0.9714157722680016
1289,0.9558559865875044
2795,0.9624118678108257
2800,0.9783335292597256
1290,0.9744021289305277
1970,0.9910666382296793
7526,0.9532815383242143
945,0.9348780404568044
2802,0.9687552143800418
2801,0.9624118678108257
1481,0.9181266394951411
1732,0.9202541432398105
2804,0.9294623361444564
2805,0.9934908750567919
38,0.9483489866405328
1724,0.8835252341668154
316,0.9359182504292715
2143,0.964791687433685
1128,0.9279178942146625
107,0.9291409637951383
2142,0.9425283360967951
2145,0.894738033904485
2803,0.9737457968357301
1480,0.838259540981643
2144,0.9294623361444564
317,0.944383770295938
4934,0.9792869957967385
2806,0.9624118678108257
2146,0.9719880888656474
156,0.9495422448487484
2809,0.9834350182569882
1291,0.5528909217744609
2140,0.9684843355616306
547,0.9797766032413134
1733,0.972140066506721
1734,0.9639354929336846
2808,0.9875881321891743
2811,0.9539332855338062
484,0.9617276966790469
2150,0.9783839080338712
24,0.9215542322871039
2151,0.9733327978107543
2149,0.9286466443141466
873,1
2147,0.9530330237156164
1024,0.7999925039695289
2812,1
1292,0.7281062552073596
2152,0.9780075679944095
874,0.9695274748462502
1483,0.9558749381458692
1482,0.9325587381416263
197,0.9421631058152696
7388,0.7845155782651497
2156,0.9907623714104
4057,1
2813,1
1737,0.9462425881548994
2807,0.5894255432958644
1293,0.9644065815262283
797,1
1025,0.9466630091530319
2148,0.9614766056006241
157,0.9384345704887704
294,1.0
2157,0.9401542110149954
1736,0.9555944061243354
796,0.8946149560281672
7456,0.9337659825618381
1294,0.9116826386251624
2810,1
589,0.9643472582031857
1484,0.9680505003050877
142,0.9408172386526107
277,0.9375618214649974
1735,0.9437494229433843
2815,0.9607563782370363
2814,0.9624118678108257
2817,0.9573594304310816
2819,0.9635682414658442
2818,0.9294623361444564
2159,0.9573594304310816
2158,0.9398738110062795
1026,0.8668770819867173
361,0.9373764106740629
2821,0.9771792092631915
585,0.9358723741698988
60,0.9124819689542907
2820,0.9624118678108257
2139,0.9578347473720275
70,0.9594103866225372
947,0.9531320375973444
2824,0.9907623714104
2632,1
1738,0.9762905225082628
2825,0.9294623361444564
685,0.9395470716729011
2823,0.9624118678108257
2829,0.792766930540464
1297,0.9816923298922613
1295,0.9514082112552205
257,0.9301624337109129
2745,1
2832,0.8157156151347386
948,0.718569063412654
2834,0.9446319065033122
2830,1
7454,1
949,0.9344306825692129
1027,0.9034846497934698
133,0.9556184130124471
2835,1
1740,0.9729245373264351
2164,0.9657156151347386
2163,0.9636498979363797
2836,0.958736362238115
2828,0.8530443092748143
548,0.9254762437831725
2160,0.988259540981643
2166,0.9624118678108257
1487,0.9568724187614818
2816,0.9503983111545433
2161,0.9724243019450955
485,0.9656096777173314
2826,0.9624118678108257
2837,1
517,0.8346024049829766
64,0.9626260690325676
2168,0.9834755078671995
2827,1
2169,0.9853172434644408
7331,1
32,0.9348337247596152
2167,0.9867052506199225
5029,0.5144641779668704
147,0.8495223258165647
1742,0.9725477339619916
2162,0.9337659825618381
1301,0.9573594304310816
2838,0.9616675133494847
371,0.9464537105755728
2839,1
7457,0.9753202684573709
170,0.9397293316564317
738,0.9778599248967239
946,0.9775950123598965
69,0.977822226851635
686,0.9593704905160778
7592,0.9593345595289139
1743,0.8667189561967104
1303,0.6053680934966879
2165,0.9883324866505153
2840,0.9337659825618381
1296,1
2170,0.9383324866505153
1304,0.9538181649279879
2154,0.8404677319661797
1302,0.9749361917787142
370,0.9219066125222379
2171,0.7605046641837306
2172,0.8927933658380806
2841,0.9337659825618381
798,0.9594537712024295
2842,0.9529938461407351
518,0.9377558192651525
1744,1
1485,0.9863501020636203
1140,0.9524465345314876
1745,0.9273094225436598
1746,0.9349122943858533
634,0.9669642511276574
1300,0.9205491191609879
2153,0.9800727637400464
1739,0.9021511084059026
2174,0.84512223249267
110,0.9477970268009571
453,0.9825693017572199
1305,0.937920785484728
950,0.5847182324652458
2173,0.9708386707006995
2844,0.9629635473915231
347,0.9573403353066603
2175,0.9608666067805938
1741,0.9537807998334068
7579,0.8479780393447294
1747,1
1307,0.9822951485782586
2846,0.9624118678108257
2176,0.9672519386717271
1488,0.9819455249574657
1141,0.9105093483192858
1029,0.9668362133765216
83,0.9201294228868064
2847,0.9863501020636203
799,0.9412607303435097
2845,0.9875881321891743
1272,0.9724369149069721
2141,1
2849,0.9554824158897088
1749,0.9865968106590282
951,0.9765962986865521
7375,0.9717436093493862
2850,0.9863501020636203
7577,0.9565601406529303
687,0.9504266116374058
2848,0.9624118678108257
2652,0.9361170931615665
2853,0.9522507690255998
2594,0.9473488153785916
1308,0.9809703948453795
266,0.9317032636291067
2856,0.9473488153785916
2855,0.9616675133494847
2851,0.9973488153785917
1030,0.9119945023307934
1750,0.968299060950401
633,0.7955777415283781
2860,0.975889755595769
1142,0.8607064426657086
2861,0.9863501020636203
1751,1
2863,0.9863501020636203
2854,0.9014715001907421
549,0.9485543507759575
2179,0.9309127377517773
1748,1
29,0.9551852976054074
2862,0.9616675133494847
1309,0.9747000645394829
688,0.8548068838086665
143,0.9564282070958728
2864,0.9616675133494847
7,0.9123999448382135
2177,0.9717655301311973
2180,0.9573163063604244
2858,1
2865,0.9858223690506708
1489,0.9590408082142018
486,0.9228245878920726
410,0.9225795693933991
737,0.9813095427265455
176,0.9257802282829348
1143,0.9871058650241515
7562,0.6421092566720334
2866,0.9234606493376724
185,0.9265350499450444
1490,0.9803297774845982
362,0.9495703590943125
1486,0.948909413994542
2867,0.9554824158897088
2859,1
631,1
7573,0.9644076068502316
1753,0.9554824158897088
52,0.9408249697115344
2181,0.9624118678108257
1311,0.9858223690506708
591,0.9231117117034847
2868,1
875,0.9195973342055107
7534,1
2871,0.9554824158897088
1912,0.9723991980229864
2182,0.9205030902528205
2872,0.9014715001907421
2870,0.9624118678108257
1312,0.7554824158897089
2873,1
2183,0.9554824158897088
1144,0.9786333294712222
2184,0.9395853906246759
2875,0.9554824158897088
635,0.9712117242909449
739,0.984038829824424
582,1
1754,0.977423655215936
740,0.8620603290531026
2877,0.9909661807074284
2186,0.9054824158897089
1491,0.9600091081880258
2879,0.9733327978107543
2185,0.9554824158897088
1145,0.9527615583342038
1755,0.9674908356031106
198,0.934764126897758
1031,0.939174798565533
2187,0.9466379200293258
204,0.9107603143519208
1313,0.9710530877856742
2878,0.9665649817430118
2880,0.9593338313982366
1314,0.9881262367337398
1316,0.8375881321891743
1315,0.8644258849755296
2188,0.9804184671678665
25,0.9466665919980067
1492,0.9610599766832743
1752,0.9863501020636203
2883,0.9593338313982366
2884,0.9554824158897088
329,0.9463541870090488
2190,0.9827189790527708
638,0.9042692573782755
1493,0.9867052506199225
2189,0.9977863391747477
2885,0.9989436207267853
2787,0.7523178460413088
259,0.9626412152894908
1317,0.9900854243565986
2191,0.9694817407009942
7566,0.9666272467066911
1756,1
1757,0.9627802183967918
258,0.9698671834326299
1032,0.9836932559204549
1318,0.9684236982725514
161,0.9546798231233543
1146,0.9323422925375379
2887,0.9733327978107543
2886,0.9573163063604244
2876,0.9875881321891743
519,0.9625164232719925
2881,1
2882,0.9624458820070816
2888,0.9987557755657784
2192,0.897665811949699
2193,0.9960252092851143
487,0.9521290476680664
276,0.9255604725099754
2874,0.9863501020636203
1319,1
2194,0.9853268147466455
639,0.9367633668482279
1495,0.9905060458082956
1758,0.9863413237211472
2195,0.9573163063604244
800,0.9491326280423302
1494,0.9710036184363636
1759,0.9863501020636203
2196,0.9734239512653984
5140,0.9562505770566158
171,0.975005506695851
1033,0.9532254429675276
2197,0.9259869069708628
1034,0.9580430599733614
2889,0.9555943360491337
2869,0.9555943360491337
7397,0.9631678389966417
7593,0.9731600847589237
13,0.9337990123887329
2892,0.9620761634145913
2178,0.9779513714338088
2894,0.9811286466837282
636,0.9744872409723141
1496,0.9095589719107042
2857,0.9559593881454355
637,0.9509387192225347
2896,1
2893,0.9573163063604244
1760,0.9723773226221865
190,0.9303940273249517
1497,0.9095202371559123
2897,0.971355000931791
1761,0.9964806896164187
2198,0.9554824158897088
7332,1
1147,0.9436138605286176
1498,0.877069409916949
1148,0.9739777975859749
2199,0.9413816640537389
1035,0.968844672280452
1320,0.9791530832848215
1500,0.9766049052735892
955,0.9574859057679385
2899,0.9991029128512406
7403,0.9016425607611208
2201,0.9552740800078933
2898,1
2901,0.9723991980229864
1762,0.9687851577368519
2200,0.9737457968357301
592,0.9595282147649533
1766,0.9347542485358903
7512,0.972684550180081
1767,0.9402470231250065
2702,0.9934908750567919
92,0.9391790802786149
2905,0.5938029669523417
1502,0.9683539588954984
1149,0.9803244849006787
1764,0.9531473756161413
957,0.9328043024417147
550,0.9586442631623147
454,0.955859161757701
2902,0.9573163063604244
2895,0.95709009578663
7504,0.958459771165121
318,0.92520736585801
958,0.9491474752909442
2904,1
1150,0.97721431356921
2906,0.9837659825618381
7376,1
391,0.9499731240845471
2205,0.9117671330010513
2204,0.9685025235677162
80,0.9269601095804243
2910,0.9788728830872154
1503,0.8054824158897089
690,0.8852321666781319
7600,0.9523248491439263
2911,0.9934908750567919
2908,0.9389369338004122
1501,0.9894903476209058
520,0.9368305430753405
2912,0.96287387863437
741,0.9658345977820462
2909,0.9624118678108257
2913,0.6123941058694492
2914,0.9837659825618381
1769,0.9334909544846148
2203,1
2206,0.9523648859532103
177,0.9143399038770682
2915,0.9858223690506708
2907,0.9624118678108257
319,0.9364472748229359
802,0.9745079782715169
350,0.9600675429450011
2917,0.9554824158897088
2916,0.9473658220969268
2207,0.7941606952972052
2918,1
267,0.8994893319503536
2782,1
2919,1
839,0.9662469616318139
85,0.9199667509831471
489,0.9397715490950919
1504,0.9604146093753241
803,0.9689037076346941
1322,0.9518586735699621
2922,0.9944056639508664
1505,0.9458564311597948
1134,0.7877508317702702
551,0.8896825011392385
1986,1
348,0.9481476266727555
2209,0.9709123912395072
1770,0.9908039038333949
1765,0.9776634338173715
1707,1
2923,0.9555943360491337
673,0.9423539649119826
103,0.9483853238911312
43,0.9070249748107859
2924,0.9190964212048621
7425,1
2210,0.9745426055529628
392,0.9627180764796338
2925,0.9464714403319501
689,0.9413035541098529
1324,0.979024690909691
1773,0.9604146093753241
301,0.9065473663125996
2920,1
2202,0.9679445648203436
805,1
2208,0.9701358145906993
2211,0.8444056639508664
691,0.9640487889636367
285,0.9330638569829094
1325,0.9895228832872106
806,0.5877361054153337
2928,0.9503493065881955
2929,0.9931921737240285
393,0.9568320398294852
804,0.8726178231564408
2212,0.9703172004172858
7389,0.9844409371827143
7410,0.9774993723226135
7588,0.950025169951931
2930,0.9484791948498049
1326,0.9154362470910085
1020,0.9368124448733223
2931,0.9565091249432081
2213,0.9776634338173715
7583,0.9410816526472778
2932,0.9783839080338712
521,0.945870661745646
1328,0.9635389809412302
2679,1
2933,0.9565091249432081
1774,0.9713039050815739
7411,0.9711050001901625
1723,1
2934,0.9811286466837282
1507,0.9511170388429935
2215,0.966979065574472
2935,0.9690964212048622
2927,0.9624118678108257
428,0.7586517391950452
2900,0.9083950654223854
2216,0.9779108153356005
7442,0.9645791227957901
184,0.9645924975256261
2936,0.9759123841224417
71,0.9414952914557004
123,0.9374760771136754
2217,0.9641776309493293
743,0.9258284298874816
1508,0.9432145336726032
1509,0.9660122442570168
306,0.9442051148480175
742,0.9452067950725876
787,0.9773848585382329
8,0.9315244647690796
1510,0.8906416105635486
427,0.8792071460005345
2220,1
2937,0.9776008019770137
2940,0.9971944084996437
1153,0.7895572776318595
2223,0.9060183937365386
552,0.9270684299889179
2219,0.9801068383789733
2822,0.9867027188202918
189,0.9582819248730703
2222,0.8225490137277351
2939,0.9811286466837282
1775,0.948794751025861
390,0.918024300602579
745,0.8682520010925595
7416,0.985362824537777
490,0.9514059198428807
1512,0.9858223690506708
260,0.9538979012933365
2577,0.9659501819383436
2944,0.9484791948498049
2943,0.9014715001907421
2221,1
2224,0.9458656679795626
941,0.8819296180361469
1513,0.915907632903801
1506,0.9698455066899299
1037,0.8125217474144737
372,0.9393197534276854
1778,0.781695318353984
2226,0.9688713533162717
1155,1
2938,0.9508460858855343
2926,1
1329,0.913449304259135
2942,0.9875881321891743
286,0.8433108395325287
166,0.9274132444245039
411,0.9528774302102042
522,0.9654730712695757
1156,0.9571572484843113
2945,1
1771,0.9191298066321028
2949,0.9931921737240285
62,0.9386179796812314
2948,0.9690837400300127
2951,0.9992499817229554
2950,0.9484791948498049
801,0.9627034539679199
1779,0.9858521336071219
2947,1
2941,1
134,0.9234462151592987
491,0.9187506572647468
455,0.9314453301176632
2955,0.9325424224013468
684,0.9826720755896764
1511,0.9753541787315219
2954,0.9484791948498049
2956,0.9830219395028225
2957,0.9672810209472291
1038,0.9618865822725183
1780,0.931081923986822
7458,1
7377,0.9725293298875052
2228,0.9762542031642698
2952,0.9624118678108257
1039,0.9025190556027
7333,0.9931921737240285
2958,0.9690964212048622
1327,0.9254265481173302
2890,0.9931921737240285
2960,0.9709546062601853
807,0.9536151997764393
530,0.9496872849305321
2959,0.9914331225413593
2961,0.9237457968357301
693,0.9421675177150118
553,0.9601376389151546
2963,0.9190964212048621
746,0.9848833259005425
330,0.946422413693156
1321,1
1298,0.9571077100736803
961,0.9420710674291133
1777,0.9663597733879309
1158,0.8268427647212496
1330,0.868740908000138
956,0.8947404131295421
1772,0.9728110226419041
2962,0.9624118678108257
2231,0.8440525677513092
1152,0.9769343925978329
2946,1
5342,0.8303618349065462
694,0.92850456498173
7404,1
2230,0.939040936186413
2965,0.9965951556361831
954,0.9423327937428629
41,1
488,0.9784385992681746
2852,0.9990740400514686
2218,0.9277163509381217
7553,0.8942219268576097
593,0.918366667200986
747,0.948474398154733
2964,1
2966,0.9375881321891744
2759,0.9436389438809456
30,0.8719844687203799
213,0.8349100812186991
295,0.9592926675390293
1331,0.9469993856970825
695,0.9691495966433964
1161,0.9711222837220488
151,0.945705697514755
2232,1
412,0.9261049227115835
1783,0.9795750345361883
1160,0.9506584574954264
205,0.956063910937948
1162,0.9664390117374069
241,0.9652910532116575
2233,0.9220818761799161
2969,0.9185402818940669
1154,0.9748642230573739
618,0.6983869421023873
1306,0.7762542031642699
7441,1
1784,0.9483600350817912
1516,0.9663476639156183
1786,0.9989330302299512
1785,0.9480329709767965
2229,0.9840598735800715
2234,0.932757561550488
1517,0.970602821187661
172,0.9474088221293184
349,0.9122057543103684
2972,0.9759614563712917
5389,0.8943027443088214
1776,0.9547389347292126
2974,0.9830245433988334
278,0.8995160012994883
2967,0.9337659825618381
1332,0.9844973338517964
1514,0.9377433602718666
2973,0.9277206667068668
261,0.6890747682121213
2235,0.9761557092811439
178,0.9528929435800968
2634,0.9162569740756255
1333,0.9016975432688469
621,0.9386612121681119
2971,0.9730129605025052
1299,0.8087048795369353
2976,0.982186861642828
2975,1
2053,0.9625877621927543
2238,0.9374673384100395
1164,0.9899911589866168
2240,0.9534048443638169
320,0.9588484158986017
136,0.9536572986510837
876,0.9614955324328428
2241,0.9794850097291107
1040,0.9920867324256355
2843,1
394,0.8696645292108632
2979,0.9657015921677299
456,0.9709842483873603
2980,0.9604978004671765
1159,0.8044074245594743
2982,0.9833403027432551
952,0.9651925489711429
220,0.9319965350446212
959,0.9480262251254016
5392,0.9664634962808313
878,0.937778242370476
1042,0.8308701933678972
1334,0.8434969894894999
2981,0.9944056639508664
7482,0.869261876720137
1041,0.9727928402248784
2245,0.982066513193717
2983,0.947875088144256
1781,0.9823702240871397
2977,0.9430740582216144
268,1
1337,0.9769355551750053
2985,0.9780968928826516
2921,0.9825424224013468
1163,0.8663323313353531
1336,0.9324262139592124
2246,0.9534048443638169
2970,0.9616019484494458
5415,0.9903209642931378
2987,0.9555943360491337
2242,0.9796407542908053
1789,0.9667363859824742
2239,0.9926405695689183
960,0.9534018011326648
7500,0.8254521260921353
1339,0.9530281180244883
594,0.8999675637815179
2988,0.9690964212048622
1790,0.9507518741472791
1157,0.8841727566729191
2247,1
2984,0.9622638945846662
1165,0.8709663096334658
1520,0.9480889251863318
640,0.9477052345819651
2992,0.9364317585341558
1043,0.9710202409186744
1782,0.9444056639508663
554,0.8357084204502434
2831,0.9499187506407273
7527,0.9937648586218495
2994,0.970426150094472
2248,0.9666950861321479
2989,1
2995,0.8225618277227205
2996,0.9624118678108257
1791,0.9722263330082543
808,0.6026247270200985
1792,0.9404373667852032
1340,0.954546922316369
3000,1
2999,1
523,0.9188413267836647
1310,0.9444056639508663
2997,1
1793,0.968299060950401
3003,0.9690964212048622
696,0.9626136638781814
1788,0.9588250803751706
1787,0.9895021995328236
214,0.9422295452695101
1166,0.9732970803556362
2986,0.9672810209472291
1795,0.9808957617770759
2250,0.9817038668929517
697,0.9586545494009385
1796,0.9635262660010944
2251,0.9574113528811904
2237,0.9288342666192002
3007,0.9830466069240986
698,0.9517219407081615
7513,0.7621494454036815
2252,0.9729234430339069
2236,0.954622638763091
3005,0.9481884695514315
1167,0.9666814757658176
3006,1
810,0.9275253867262261
116,0.9579873679408157
1046,0.9235291608487735
7426,0.9621897990198647
7535,0.47539953131073437
7505,1
7483,0.5580209271973753
7378,1
3012,0.9414869307953772
2090,0.9823331550014766
879,0.9602324193024347
3010,0.5875881321891743
3014,0.9672810209472291
7460,1
7484,1
7417,0.5324904036389613
7506,0.7360286555416481
2253,0.9896467307473116
27,0.9485826697474523
962,0.9866558960296778
3015,0.6624967695896864
46,0.962576985839573
7501,0.9496334851324222
3,0.9486327394347915
1515,1
3011,0.9555943360491337
1338,0.8618885590085619
95,0.9316970318643791
68,0.9015298047302504
3016,0.9690964212048622
3017,0.5868662192560231
179,0.8882717538936414
3008,0.9924371910864189
1518,0.8957739056665732
1047,0.788194399769089
7536,0.48284746914373555
7517,0.505988124519128
5533,0.5195011563836098
3019,0.9336807345250925
811,0.4110762613142064
1799,0.9709545811973754
3018,0.9674575775986533
595,0.9867129849590001
3004,1
7548,0.9604978004671765
1797,0.9702321326959045
1028,1
7537,1
2244,0.8776055919731174
395,0.9564177851696353
3020,0.9624118678108257
3022,0.9690964212048622
1523,0.9260051332616355
162,0.9598700056167382
964,0.9180596799456447
2258,0.9759789108383343
3024,1
2255,0.9875045270535804
1794,0.9721495251673822
3025,0.9644545912663551
641,0.9628450092574197
124,0.9111897477765559
7528,0.9390344746614538
749,0.8239979770653001
112,0.9023168352177658
1048,0.9554938542973702
1802,0.9744914283412713
2257,0.9817567336522108
880,0.6561783265374824
699,0.9190494068269253
1522,0.8891497337064458
1803,0.9374006641206711
7427,0.9797917473387505
596,0.9496194170616367
228,0.921299686351417
3029,0.9372980978310288
3028,0.9825424224013468
2259,0.5703641113035883
7590,0.9693230244353059
3023,0.9624118678108257
296,0.9404224207227176
1804,0.9784116930997383
1168,0.8954780827879152
2261,0.9501175783064834
7336,0.5423473460730535
2262,0.8627019021689712
813,0.9288412558517662
3030,0.9980315755886018
373,0.967719627195032
331,0.9170707092174673
3026,0.5875881321891743
3027,0.9624118678108257
2254,0.9841520108743635
1342,0.9727204722181524
1044,0.977858392038875
1806,0.7190964212048622
3031,0.9094567779136539
1407,1
1524,0.9299725214735544
7529,0.6716939187522145
1805,0.9666724168317729
642,0.8677382359126669
1170,0.8538920073982521
3036,0.9463419322551985
3035,0.77111359001112
3038,0.9463419322551985
2260,0.9875881321891743
279,0.9479095403119772
1807,0.8321823549448277
750,0.8698312751401641
3037,0.9463419322551985
1525,0.9394979906261212
2264,0.995841603253232
2256,0.9883980515505543
3032,0.9375032304103136
1528,0.950660428067485
3041,0.9693382470045716
73,0.9435960073906912
332,0.9229619746034958
3040,0.9830463350015053
3039,0.9463419322551985
2263,0.9441704556579826
700,0.9417280990108952
2266,0.9463419322551985
2267,0.9419225813327561
748,0.9176135894656842
881,0.9395768608053834
1530,0.9677330938924427
812,0.9742828173043203
1171,0.9634986475021902
1527,0.9914240815088914
877,0.9624554749276867
2990,0.9644545912663551
287,0.9554635749417523
1531,0.9487122665586378
7586,0.6136881960352295
7428,0.9257717478947717
2270,0.966922581332756
2269,0.9875241924184672
3043,0.9493046207293073
1274,0.9640636406354828
7538,0.8956620952011525
882,0.9615037047407041
2265,0.9674408239544035
1526,0.9267993221946597
2268,0.7739436669957787
7595,0.8955606188726998
2271,0.9404884157305466
3046,0.9463419322551985
1335,0.9754665749092006
2272,0.9374006641206711
221,0.8885514225006365
1808,0.95304107383365
1809,0.9462146095078082
7337,0.8611817422398079
7549,1
1049,0.9405711337194648
3050,0.9463419322551985
1172,0.958077418667244
5660,0.9687218297733705
2274,0.9728320821263589
1173,0.981105182804446
36,0.931047180542172
7338,1
1631,0.9448501019244857
966,0.9764936108960763
396,0.9480759409421083
3048,1
3054,0.9463419322551985
3051,0.9463419322551985
1345,1
3055,0.9959535440228477
7334,0.8513309297983468
1499,1
3049,1
7539,1
3052,1
3056,0.9463419322551985
2276,0.9359343228622398
2273,1
3001,0.9749260133869202
53,0.8922137270600308
2113,0.9875881321891743
1169,0.9392862672559122
1347,0.914710165716671
7540,0.6816197229209172
3047,0.9463419322551985
1323,0.9358236783840687
3057,0.9624118678108257
1532,0.9523736555088828
751,0.9454118541416061
280,0.961375002949239
7462,1
3061,0.9463419322551985
5679,0.9489743059897167
1051,0.9734324183160927
3060,0.6036580677448016
3059,1
701,0.9384318703067586
7443,0.9233791917949076
1810,0.9463419322551985
3053,0.9237457968357301
1052,0.8882471009274581
61,0.9561657811727641
3063,0.9375032304103136
7555,0.969444621031658
2227,0.8375881321891743
2998,0.9790850300742182
7556,1
3062,1
967,0.9564933410373415
3065,1
1346,0.9368801397243285
2278,0.9547609837303491
3067,0.9803358417000606
1812,0.957110580838219
1811,0.9610782202456437
2279,0.9375032304103136
3064,0.9624118678108257
1053,0.9865352461408481
222,0.9195522954066431
1348,0.97698234307814
2282,0.9375881321891744
1054,0.9544448531546323
3069,1
5446,1
2275,0.8536580677448016
1535,0.9295724153930499
3044,1
3070,0.9875881321891743
3071,1
2281,0.9715131926002674
3072,0.9463419322551985
3073,0.9463419322551985
2285,0.9608901187463855
7339,1
1349,0.9787837558281567
3076,0.9463419322551985
1814,0.9653199455700897
3077,0.9484545982636412
3045,0.9463419322551985
809,0.8896111293043921
1801,0.8624967695896864
3075,0.9536580677448016
1813,0.992327274465126
199,0.9399384212929133
2290,0.9381114409914382
883,0.9701861508541595
3080,0.9616019484494458
1536,0.9627849057965594
3078,1
814,0.6127019021689712
3042,0.9624118678108257
2292,0.9689256447789706
457,0.9499710740290467
3082,0.9604978004671765
3079,0.6847345520370746
3068,0.9624118678108257
2295,0.9381114409914382
333,0.9286416038004977
752,0.9866364466870756
1820,0.9888587701842484
3034,0.9541102672941069
2294,1
2291,0.9881114409914381
963,0.9388782365235432
7461,0.556816771356256
1821,0.9738637506855508
227,0.913155878373419
7464,1
2297,0.9512161444435979
3074,0.9503305401863085
3086,1
3087,0.9381114409914382
2298,0.9676163019829271
3085,0.9484545982636412
3084,1
2300,0.9881114409914381
1819,0.9602274668816324
492,0.9247984729465428
3089,0.9463419322551985
1537,0.9642640978907182
3090,0.998035103549086
2299,0.979557495302966
7551,0.8232655459778233
703,0.9576377475858957
1351,0.9539888119308247
3092,0.922474613273774
3088,0.980724034774789
2794,1
524,0.6340343044062862
2249,0.8375881321891743
1538,0.9583869415901395
493,0.9573691415341314
7429,0.7520528976350915
2301,0.968889814462836
3094,0.9938029669523417
7463,1
753,0.7985468973050743
3083,1
56,0.9276332789779921
2302,0.9680494023164703
1539,0.9583548481188521
3093,0.6015454017363587
754,0.9139696393042487
3095,1
1815,0.9689286642929776
3097,0.7048924277092623
3002,0.8995353898311025
1533,0.9954638074445556
1823,0.8827699561434498
3066,0.922474613273774
815,0.9039414693269265
885,0.9677070502834344
1056,0.942158371629992
2280,0.9506953792706927
2303,0.9375032304103136
755,0.735440698567444
1825,0.9421573299509821
884,0.9502351158823141
3096,0.9454198442947694
3098,0.9484545982636412
7430,0.6703895357994963
3100,0.9616019484494458
1540,0.9771586270299796
7418,0.933528064504397
3102,0.9339705094679245
127,1.0
2289,0.9670191360828948
7340,0.7983757028723637
1826,0.9819407392897898
3101,1
886,0.9156560925851046
2304,0.9832028487070752
2306,0.9381114409914382
2286,0.9841520108743635
1534,0.9036580677448015
968,0.7814597181059331
2284,0.9455806490775576
3104,0.9484545982636412
2978,0.947875088144256
3081,0.8515454017363587
3103,1
2305,0.9654481016862282
7530,0.5730057885779901
1822,0.9854071037675745
3099,0.9372980978310288
1824,1
816,1
2308,0.9493046207293073
2310,0.9743548201122338
3106,0.9106810030373756
2277,0.9536580677448016
3107,0.7444120672387528
2307,1
1827,0.9589705094679245
1798,0.9803940104080799
7594,0.4133251962902887
1352,0.9025469027639027
1343,0.9639727747150799
1354,0.9636434967550123
1178,0.8624973637602142
3013,1
643,0.977270464158164
1828,0.9440315427832896
3111,0.9624118678108257
3112,0.9298123367198142
3110,0.9842336214469909
7581,0.8218506653369024
969,0.936534801926295
3108,0.9337659825618381
2243,0.9463419322551985
288,0.9492721087992804
2311,0.9536039310981501
597,0.9611513595878796
3105,0.9881114409914381
3115,0.9111217634764568
3114,0.9815808704425021
2309,0.9691391774113041
1057,0.8915598613876798
3113,1
244,0.9098102683101464
3116,0.9825424224013468
1543,0.998035103549086
5837,1.0
7465,1
1604,1
7584,0.4673363922041619
1832,0.9561122212497521
7406,0.9680595179549655
1050,0.8826260307432428
243,0.8543658420852811
1830,0.9395987251807756
1355,0.9801693919550774
3117,0.9190964212048621
1833,0.9671003013506977
1459,0.9473730759879461
334,0.832105031766572
1545,0.7118885590085618
2313,1
3109,0.8505317019631953
3119,0.8536580677448016
1542,0.9615698219629815
3118,0.9624118678108257
1546,0.9573377234460403
2991,0.9398452178999841
1180,0.9626140560973059
3033,0.9684843355616306
1344,0.9494682980368048
3121,0.9372980978310288
1341,1
7405,1
7407,1
3122,0.9672810209472291
2214,1
1835,0.9565399100023754
2296,1
3125,0.9690964212048622
3120,0.9428016438470755
1836,0.9027845092950457
2314,0.9543003081627116
1834,0.9707829749583496
3127,0.9381114409914382
7432,0.9677103586003631
3124,1
1356,0.9621502134096938
1058,0.9068379923694869
125,0.9371067378725663
173,0.9573643406711306
1837,0.9906701346755137
2315,0.950261654401132
174,0.9042610654891229
2718,0.9375032304103136
1548,0.9536039310981501
3131,0.9825424224013468
374,0.8891519539448599
3130,0.9484545982636412
1357,0.9472957388531307
1179,0.9456688182983889
7574,1
1177,0.8967731621913982
1350,0.9275253867262261
242,0.9367370593108817
3135,1
3136,1
2317,0.9768613851493722
2225,0.8803897876074114
2319,0.843183228643744
3137,0.985005755386162
3123,0.9484545982636412
2321,0.9881114409914381
3134,0.8708999315285786
525,0.6835660666318261
2320,0.9718888682025827
1541,0.9171749013931434
3138,0.843183228643744
7554,0.9545810145506956
351,0.9535978492814855
430,0.7593547406774186
120,0.9358097523185944
1036,0.9339860140276461
7431,0.9929832001532376
2322,0.843183228643744
971,0.7304217251740314
3133,0.9573452453341785
1055,0.9146426137585925
1181,0.9080135703072605
1045,0.9447362823222379
1176,1
1061,0.9749205598040684
1954,0.9608199860473398
1060,0.9761233063669326
1360,0.9506870546817701
206,0.9225257181345458
1062,0.8009045602983235
756,0.9032033572594625
1059,0.9718701516718634
2326,0.9724746132737739
3058,0.8878476644250459
2288,1
2327,1
1361,0.9689571744444804
3126,0.9484545982636412
431,0.931440260247473
1818,0.9618885590085618
269,0.8703459990867499
2329,0.9508564264660819
3144,0.9463419322551985
3145,0.9529624381177211
1151,0.5944056639508664
2323,0.9678147071234617
1800,0.9762542031642698
2324,0.9708535685005971
2330,0.9548121045405443
598,0.9621788091643699
3142,0.9624118678108257
3146,0.9806145173897092
2331,0.9661773272634633
1553,0.9647718286566148
3151,0.9938202760057707
1547,0.9118885590085619
3143,0.9624118678108257
1182,0.9641128305723046
1359,0.9577457617984186
1552,0.9760646931954815
3148,1
1839,0.9752616544011319
1550,0.9546559215987686
1183,0.9632191827490264
3152,1
3150,0.9484545982636412
3141,0.9624118678108257
1521,0.919898164463312
3149,0.9624118678108257
1549,0.9739332003336315
1829,1
599,0.9648494979944516
2328,0.9290102941760283
1840,0.9735258612929728
1555,0.942181586141168
7390,0.9301680354358725
458,0.9658446398635904
3147,0.943654179620407
3154,0.9618885590085618
6014,0.8794849391356776
114,0.9489708899237744
1362,0.9307790094111268
3156,0.956371203998567
645,0.9717497420196161
817,0.9375528560955179
3158,0.9724746132737739
1184,0.9587439593899733
965,0.9822327828807852
3157,0.9947087367511711
2334,0.9747383455988681
2332,0.960440698567444
3160,0.9843383974111904
1529,0.9036580677448015
818,0.930165356080713
2337,0.9555879327612473
3132,0.9381114409914382
2283,0.9963419322551985
3155,0.922474613273774
3161,0.9484545982636412
1831,0.9719729204855984
104,0.8915939764395454
2338,0.957142522818981
49,0.9408432130187337
2339,0.9791004551776581
3162,0.9927198171304484
93,0.9267498568900666
2336,0.9012340090549605
207,0.8989266830649942
1519,0.9582329678642411
973,0.9496875152919446
3164,0.9616019484494458
2316,0.9906164882752765
2341,0.9375045270535803
2340,0.969503316395661
555,0.9421195724642721
7419,0.8871027730481512
3168,0.9711722900554283
1175,0.9511466678980478
1842,0.9608247482002128
7604,0.464726075464058
459,0.9749364801648146
3165,0.7843383974111905
2078,1
7599,0.40945971720721774
7602,0.35135923921379664
7341,0.9523623215471814
7601,0.3641184030456952
7598,0.4098369689589318
3171,0.9593329745394702
3166,0.9279592364737779
3159,0.9825424224013468
953,0.9342051710610744
646,0.8985275694513676
3167,0.9624118678108257
3169,0.9873926771995898
1186,0.9600672738593651
1363,0.9642148728076823
245,0.8793409313388791
1844,0.9371035284217344
1556,0.9552740699688416
3163,1
757,0.9535544221408194
3139,0.9624118678108257
2343,0.9843383974111904
1843,0.9596189460206631
7509,0.8387035365670762
262,0.9283034653525027
2342,0.9653977080721579
3179,0.8648728524892114
3178,0.9611292229061998
2345,0.9809813511265918
3173,0.9624118678108257
974,0.9492205292341724
3182,0.9874206748388303
3181,0.9381114409914382
2346,0.8618885590085619
977,1
861,0.759472562058483
81,0.9689510731562387
3180,0.7193495641657826
556,0.6893115653894036
1364,0.974659524998643
889,1
3184,1
3174,1
976,0.8813332875274996
1845,0.9044568323108517
1557,0.9697372571685968
6157,0.997616024995037
96,0.9469095779630691
3175,0.9574986625952677
1188,0.9531134463858004
702,0.9582159969673639
433,0.9604119783012884
819,0.5975814331939366
887,0.9243920901754663
3177,1
6131,0.9503305401863085
115,0.9673646743562659
2347,0.9886613574571952
1559,0.9574431078337646
1558,0.9095155409137714
3186,1.0
704,0.9608727122765509
975,0.9830893398924833
600,0.7606628594275717
307,0.9101506809448628
3190,0.9423948777524706
557,0.9281890080331576
1187,0.9743393904151515
229,0.946740141708151
1367,0.9270389071374154
820,1
3191,0.9616019484494458
289,0.9713701516885336
7467,1
1849,0.8618885590085619
34,0.9462360867287318
2350,0.9715510349674383
461,0.5887060283368932
434,0.979032894547765
648,0.9723693292857458
647,0.9371081146903003
821,0.8760649441203845
3200,0.9618885590085618
3201,0.9905274379415171
1358,0.9628497865903063
888,0.8535247030022607
1063,0.9714244221198555
2348,0.8931373447520966
58,0.9423344326276931
3203,0.9381114409914382
3199,0.9981463319588041
7541,0.987363207129668
3170,0.6108879086057065
890,0.9526661058415529
705,0.9631319526524594
3198,0.9618885590085618
1847,0.9696844168977673
1016,0.965312833461988
644,0.9665688130930495
3204,0.9853988475506474
1851,0.9899922650922801
3207,0.9389028550346058
3205,0.9414908667666624
1366,0.9388921029437318
2349,0.9985525100097631
2352,0.9424432405422998
7525,0.9725447780309041
1841,0.9061398249243031
1560,0.9526252292147314
2351,0.9985719507404737
3208,1
3202,1
3176,0.922474613273774
1365,0.9269025905328374
3193,0.9624118678108257
7514,0.9198033244903905
1174,0.8567046820793784
2318,0.9423645169445521
1838,0.9821380051366589
3189,0.9624118678108257
1852,0.9188713533162718
3194,0.9484791948498049
3212,0.9659615299046891
1817,0.9536580677448016
3209,0.998740203986249
3210,0.9624118678108257
1562,0.9765516949989499
6166,0.9912049240025465
3153,0.998035103549086
6257,0.8693112452668673
1064,0.9712737897723713
2355,0.9821852928765382
6290,0.9503305401863085
1190,0.9621602800976673
3211,0.9624118678108257
2356,0.9919568581504531
2333,0.9457852895533598
2353,0.9881114409914381
3217,1
3218,0.9814555100001754
1850,0.6389177992701741
3192,1
1853,0.9714378609355897
2358,0.9072813023564452
2993,0.9110822007298258
1564,0.9776006534179528
1565,0.8544364808851194
3221,0.9881114409914381
1854,0.9544894052259496
1544,0.9809730787075899
1855,0.970669653818339
6317,0.9503305401863085
3222,0.9724746132737739
2357,0.9205741341017984
6123,0.9792952691903686
3140,0.9983343161162236
1567,0.8944120672387528
5,0.8662415659669681
3224,1
7434,0.9809799892919913
972,0.9955556069194587
2335,0.955147878995874
246,0.9071381407965166
3226,0.9814555100001754
1568,0.8933361775601176
1856,0.9726235891924252
979,0.9721719664373579
12,0.9628742969082378
3225,0.9685949039349716
3215,1
3197,0.9414785613392737
706,0.9334415874572437
208,0.9233658702266722
3213,0.9694955314161929
1848,0.9613484722212736
1961,1
1185,0.9417696750711071
3021,0.9334173025076161
1569,0.7329732305671426
413,0.9728686072070563
247,0.8992432960890475
7444,0.9630365008786858
3227,1
1067,0.7632209366514082
2657,1
6369,0.9152535212942445
3229,0.9371500601658544
3223,0.939429651519647
3230,0.9671875952720166
1572,0.8159633207450905
823,0.5925013374047323
2363,0.940805832051667
1573,0.9669369171309824
308,0.9594211758326504
3231,0.9241130015080663
1566,0.9484378348370627
1857,0.9889664182490912
3220,0.9694955314161929
1563,0.9118589866701541
1575,0.9624104332194465
1372,0.9543564518582307
1574,0.9610070782139432
2364,0.9517128775847744
3232,0.9534545089252612
1373,0.9315154003891202
891,0.9402528597979469
494,0.9585358986923792
435,0.9428489642280836
893,0.9310129099844549
3235,0.9612939716631067
3172,0.8449217847468544
1191,0.9767050762435461
3233,0.9624118678108257
892,0.8504328826035653
1571,0.9324059564311424
1570,0.9657402979516769
3236,0.9241130015080663
7515,0.9825424224013468
2903,1
191,0.9174470144690842
3238,0.9966591909174345
3234,0.9534545089252612
1189,0.9508482442776567
290,0.9718360977934822
2366,0.9484545982636412
3239,0.9541102672941069
144,0.9270003063116341
3242,0.9769332386722704
3241,0.9463419322551985
3243,0.998035103549086
7433,0.9529766304294545
1561,0.9728068987351756
7578,0.980565105907182
2359,0.8719532296901387
3244,0.9540584017434561
1859,0.8340794174430773
3245,0.9375881321891744
3246,0.9973092762092881
692,0.8074118555685441
1763,1
1065,0.9620180508948769
2368,1
163,0.9251848747896556
3249,0.998035103549086
3248,0.7096486028947897
3129,1
335,0.8517195364301892
3247,1
1371,0.877525386726226
3250,0.9540584017434561
1860,0.9676529605123007
7380,0.8928230279675212
824,0.9318777622423695
2369,0.8894323549189267
3252,0.998035103549086
1576,0.9881114409914381
1192,0.9668065113044149
2370,0.9740217663519484
760,1.0
978,0.6974685889527491
1193,0.9085180699685039
6434,0.9605744567041355
7342,1
3251,0.980504468583807
2371,0.9397456472804784
1861,0.9493652103497316
825,0.9635250771868564
3257,0.9596122684018066
3258,0.9559842589864345
3219,1
1376,0.9447265481024949
3253,0.943654179620407
59,0.9253991162964523
19,0.9233353348594353
248,0.9480975958630887
2372,0.9689156387760569
1068,0.979405219216348
1375,0.964099832281271
2367,1
2650,0.9806887547331327
3254,0.9653847286467406
980,0.9253300243871332
3260,0.9618885590085618
3185,0.9469224300088886
336,0.9303204065689684
1377,0.9194690184020303
758,0.8977746040086578
1862,0.9554143173660872
981,0.9414614042511121
3255,1
3263,0.9818578459819858
1066,0.9818376044269227
1846,0.9351556980788556
1864,0.9715752634204969
3265,0.997484840976946
3259,1
158,0.9136046515524877
7468,0.9593329745394702
2362,0.9539635209859518
3237,0.9150594704374325
3264,0.9577452863390382
3266,0.986587629664575
432,0.972447660845365
1577,0.9720614463472704
1866,0.9918755123854972
2360,0.9804131802572593
3268,0.9911137109095658
118,0.9471591577140183
7343,1
1194,0.9052421273166764
1869,0.9970579773354644
1578,0.9456182069604386
1868,0.9707609687965402
1865,0.9593329745394702
526,0.9505193523061164
759,0.9719653030136904
3256,1
463,0.9114060501670921
3267,0.9682383201224412
3273,0.949012939450646
2375,0.9660677655406882
292,0.9403425753072563
291,0.9419240432977147
826,0.9490407529813363
2374,0.992513525713124
3275,0.9381114409914382
309,0.9715608921707094
3270,0.7588604841924536
1378,0.9594546778352743
3269,0.8011471522731369
2377,0.9735664514177835
1579,0.9785971822660144
1379,0.9659862772163663
2376,0.9440358729965226
822,0.9712034207699576
3271,1.0
1870,1.0
3278,0.9871205468302758
1872,0.9758869984919337
2378,0.9414320219816883
3280,0.949012939450646
3281,0.9534545089252612
87,0.9543592201446528
3187,0.9563705314251669
2379,0.693629468574833
128,0.9670398624329137
1875,0.970600157398915
1874,1
1580,0.9850100653913795
827,0.6063273657842891
3279,0.9875881321891743
3274,0.9783118657158691
7420,0.7997766633440161
7597,0.9685719303835689
2354,0.9587324489124156
1871,0.8827134015657836
3285,0.985005755386162
82,0.9163420337956139
3272,1
3284,1
3287,0.9978035872788931
3282,0.9660677655406882
2381,0.9608310507949109
3283,1
894,0.9703326292904378
2382,0.8928235676589514
3195,1
7585,0.9533024782356234
6336,1.0
3228,1
1867,0.988806305056417
3277,0.9973752729799015
1876,0.9823104945962222
2385,0.9422547136609618
3286,0.9815808704425021
895,0.9103164393812211
3289,0.957142522818981
1551,0.9860312602709791
983,0.969355694584596
2384,0.922474613273774
3291,0.9768563793451306
982,0.9604936109973335
2386,0.8888855346264339
2387,0.9870997778147897
2383,0.9473752729799014
1195,0.9573529510940877
429,0.7801684514234776
2388,0.9683347260168842
6644,0.9727423859232339
462,0.9612751438746644
310,0.9363126935655776
3290,0.9624118678108257
3293,0.9534545089252612
3294,0.9660677655406882
3292,0.9624118678108257
7421,0.914994244613838
3297,0.9534545089252612
7531,0.6155449351421741
2389,0.8598619060571591
828,0.821771217546397
414,1
6667,0.9503305401863085
3298,0.9624118678108257
105,0.9349741248655757
7469,1
1877,0.9853221777515043
1878,0.99266170482503
896,0.9628569649876347
3299,0.9997428808341284
2390,0.9988616242872769
3188,0.9588862890904342
1370,0.9802018242115885
3296,1
601,0.8972135721120593
2373,0.9932925885697059
1374,0.9737547402313416
1380,0.9686484009913805
2391,0.7936567872591866
1581,0.8182391591423063
1880,0.9889129753325564
1196,0.9911961153412949
3009,0.9241130015080663
3301,0.9853835486866332
397,0.9609722000959009
3295,1
3300,0.9875881321891743
2392,0.9626648045835435
1381,0.9571990234408941
1582,0.9572793209919143
2155,0.9796366872613606
707,0.9793907587943604
3302,1
3303,1
1583,0.8375881321891743
7398,0.7544384648801131
495,0.9200819062507041
1768,0.9444056639508663
7344,1
1369,0.9585668774586408
7391,0.9448523236481852
2393,0.9577587134989578
2080,0.9826916899736472
3305,0.627525386726226
164,0.9480676217856799
761,0.9777909309397496
3304,0.9806887547331327
376,0.9590964060835907
1881,0.98472298908558
6736,0.9496694598136916
3308,1
3310,1
3306,0.9826916899736472
1863,0.9889838008739247
1882,0.9592984724751714
602,0.9310835468417513
3311,0.9955556069194587
3312,0.9401380939428409
7412,0.9874852981432432
2394,0.9910685459802531
1873,0.9388966315188314
3314,0.8943346299683301
3313,1
1069,0.7628499398341456
7516,0.9577684479851738
1883,0.8567467200859626
3309,0.9241130015080663
2833,0.9703838046324218
3315,0.9967171387511453
7435,0.9628863537800274
7346,1
3196,0.9484545982636412
1070,1
2953,1
7445,0.9819783415151344
527,0.8937425820398942
6792,0.7004296814746692
6786,0.9792952691903686
1884,0.9677402678628662
649,0.9576988826313589
7507,0.9856597537578448
1584,0.8504296814746692
650,0.9735342392931073
1353,0.98429356411385
7558,0.83381693664019
415,0.9072104602894812
3206,0.9218376064912654
829,0.8184098762540838
496,0.9661680730947071
3321,0.9660677655406882
7466,0.6792051259320921
3316,0.9624118678108257
3322,1
3318,0.9826916899736472
3323,0.9897337874315749
590,0.8439601770368638
1886,0.9600074312533765
2395,0.9619369867276267
2396,0.6613196176145241
3324,0.8315901237459162
2651,1
3326,0.9849893479921763
1197,0.9695004741942906
2397,0.9832784181598382
3327,0.9751363597732866
3325,0.9669536649984948
3328,0.9381114409914382
7392,1
1885,0.9837362080863811
7446,1
2400,0.9145693411514844
3320,0.9564882420363136
2398,0.9634807002875033
7408,1
1585,0.9844003624419535
7347,1
7485,1
7345,1
3330,0.9624118678108257
2399,0.9405706277708697
3319,0.9875881321891743
86,0.9332278912759012
7379,1
3331,0.9669889685408138
1587,1
7471,1
7459,1
7472,1
7575,0.9685009982604956
7470,1
3214,0.9979274935858019
3307,0.9741130015080662
3334,0.9942118636209126
3332,0.9624118678108257
3333,0.9821852928765382
6878,0.8061256534541758
3317,1
3329,0.8375881321891743
3335,1
7542,1
7567,1
1887,0.9752194101820189
7543,1
7473,1
233,0.9198822584851544
2401,0.9670668116319565
7474,1
1382,0.9710705782222443
831,0.6211226878156948
7475,1
830,0.9448358828418634
1879,0.9397029503523093
7436,0.9970082704366531
2968,0.9834350182569882
7476,0.4609190120601845
1588,0.9597807210923912
3336,0.9241130015080663
1888,0.9697563325559722
7348,1
3337,0.8250635189418839
2402,0.9869167593847489
3340,0.9564882420363136
762,0.8925857806187061
3339,1
416,0.9269117988963312
897,0.9144012829495516
3338,0.9473752729799014
3341,0.8375881321891743
1889,0.9931893127574228
3342,1
1589,0.9784712707751895
1071,0.96054036319404
3343,0.9642777334769639
3262,0.9096292144194045
763,0.9619105477206057
1198,0.9589870412597253
764,1
7381,1
7477,1
3347,0.9629687177419566
3344,0.9814555100001754
3345,0.9858223690506708
1891,1
352,0.87007160617485
7351,1
7350,1
3348,0.9814555100001754
1383,0.9679256384785155
3346,0.976525027898594
898,0.8885147630356302
603,0.8711035528387135
2365,0.9401380939428409
192,0.9586126717896107
1892,0.9923850992496892
708,0.8123290019800407
3350,0.9886613574571952
7493,1
7486,1
7494,1
7492,1
7490,1
7491,1
7487,1
7495,1
7489,1
7488,1
7355,1
7521,0.8277298326255665
7357,1
2287,0.9315808704425022
7356,1
7353,1
7354,1
7382,1
7496,1
7559,1
7358,1
6958,0.5817566668150408
7360,1
7359,1
1199,0.9208612757553852
398,0.9685661977380353
3351,1
3288,0.9994892909997102
417,0.8979710768944924
899,0.7139687397290209
1384,1
2407,0.9736676335274721
3356,0.9633194603036993
7362,1
2405,0.9479357885871623
7361,1
2404,0.9650141569483245
7352,1
3359,0.9885510412961184
3353,0.9682433331849593
832,0.9705897035170565
2403,0.8685444899998247
3358,0.9994892909997102
7447,0.9994892909997102
3361,0.9814555100001754
3352,0.9814555100001754
3362,0.9452759117742021
3363,1
7478,1
418,0.6412706728497771
901,1
1893,0.9806162407106133
3349,1
3364,0.9969224300088886
2408,0.40559433604913364
3360,0.9642777334769639
7568,0.7882121319557353
900,0.9702356828940945
281,0.9430039956128053
3183,1
2409,0.9100407671331162
3366,0.9534545089252612
709,0.9722620803973411
321,0.9285690762943464
2673,1
3354,0.9534545089252612
3365,1
94,0.9686642583914238
375,0.9423277765693785
7063,0.9553872711300749
1385,1
1200,1
1386,0.9593243120248334
984,0.9809529980358656
1387,0.9745065379635033
498,0.9281131583068503
1554,0.9536465935324678
2293,0.956594858703338
3370,1
2411,1
2412,0.9717645558397211
1593,0.9907290408816802
3367,1
1895,0.9746431682647444
3372,0.9572030547538047
499,0.9891658870593067
3371,1
2361,0.9768440888598887
3369,0.981281573141288
1896,1
1592,0.9913195997557833
1594,0.9762157415484971
3376,1
7087,0.9622506021777623
2414,0.6047240882257978
3375,0.9624118678108257
3378,0.9555943360491337
833,0.6374767631447382
1368,0.8638582356723483
1201,0.9972241836265723
1586,0.9700376256647262
3379,0.9717645558397211
7502,0.7197108884008012
7363,0.8642203702598632
2415,0.9665641461832556
3380,0.9869167593847489
2406,0.970151423752996
363,0.8672528559133945
528,0.8982839139541686
3381,0.9407290408816802
3383,0.9334358538167444
3373,1
3240,1
3384,0.9071924643200311
3128,1
7383,1
7503,0.8035730257061554
1072,0.862474886381284
399,0.7251127099051858
2633,1
2416,1
377,0.8130424752606162
141,0.9667584043890884
765,0.9936184097265321
186,0.9367474507270658
2413,1
1890,0.9869167593847489
2417,0.9571463922203695
1897,0.9538803703543753
230,0.9669549261432795
180,0.9309830401112613
2419,1
2418,0.9686236497855287
7591,0.9408960464768547
766,0.9776444879863497
558,0.9446127288699251
7364,1
2420,1
464,0.9629900964165018
2421,0.7947029795900569
7560,0.9192809573972663
651,0.8976427237407683
3385,1
2380,0.9156308849458431
1389,1.0
3388,1.0
378,0.9472458773353751
3387,0.9717645558397211
7161,0.9946127288699251
3386,0.9495812465812817
1898,1
3390,1
497,0.9637489156105323
3389,0.9800563982032027
3391,0.958660419118681
7126,0.9241130015080663
902,0.8941811226832391
1388,0.8975040223948078
3392,0.9246412586714013
3393,1
2344,0.9458724685783867
1899,1
3374,1
1202,0.9727140310231678
2325,0.9707347327968743
7188,0.5875881321891743
7399,1
7510,0.6654171756363927
3357,0.9989204452240975
1390,1
7532,0.5920009753392563
338,0.6144969829070277
7522,0.5920009753392563
7544,0.4613975454407472
7523,0.5920009753392563
1894,0.9670191360828948
7479,0.958660419118681
7480,1
7198,0.9797018262477972
1595,1
3394,0.7888333759335291
1203,1
7422,0.7888333759335291
3395,1
1204,1
7163,0.8838065111795828
7497,1
7393,1
3396,0.9965637676186465
3397,1
364,0.870200953232437
559,0.9457535295462103
604,0.9929820258849726
834,0.5978037476997504
465,0.9362518389630419
560,1
2423,1
1391,1
3399,1
1591,1
7545,1
1900,0.9632466154631293
7349,1
7365,1
1596,0.974354980695453
2424,1
3400,1
3401,1
652,0.8669187002672473
2425,1
7481,0.5800563982032026
903,1
3403,0.9973092762092881
7230,0.9652348362836607
985,0.7556192094886034
1205,1
1901,0.7875881321891743
3404,0.9717645558397211
3405,0.9843446310814045
400,0.8242032622431227
3407,1
7367,1
7366,1
3408,0.9965637676186465
3409,0.9989387864561456
337,0.9298510176029776
7335,0.8344207799690395
1597,0.9757487449953146
7384,1
835,1
836,1
2426,0.9715449873945761
904,0.9716853269922772
1590,0.9667262124219972
1206,1
3355,0.9875881321891743
1073,0.9683517285337404
3412,1
1207,0.9600290938010007
3413,0.8283222241739363
1393,0.9204740304676792
7273,0.9797018262477972
1902,0.9297018262477972
2410,0.992737879773828
2427,0.980103439801254
1392,0.9672552810990315
3414,0.9624118678108257
7368,1
3368,0.993629468574833
2312,1
905,0.9708636238133108
3420,0.9957719177118245
3419,0.5822475961624993
1394,1
3411,1
3261,0.9630569694070812
3418,1
3402,1
3416,0.9642777334769639
3415,0.9492499817229554
7385,1
3417,1
3421,1
1395,1
3216,1
3422,0.9624118678108257
3423,1
3424,1
7369,0.9605744567041355
3091,1
2422,1
6921,1
1598,1
3425,1
1903,1
3426,1
2428,1
3427,1
1074,0.9458716663874186
3428,0.9468326414203009
3429,1
837,1
1904,1
1208,0.9827978644187023
605,0.9419643872770707
3431,1
3410,0.9777500903962322
3430,1
653,1
3432,1
3433,1
1396,0.9946127288699251
7310,1
3434,1
3435,1
7312,1
1858,1
3436,1
1905,1
3437,1
906,0.9602534231553531
7386,0.9360752655317756
1397,1
3377,1
2429,1
2430,0.9831491832855139
2431,1
1906,0.9492410139486033
3276,1
3438,1
3398,1
1599,1
7321,1
1075,1
2432,1
3439,1
3382,1
3406,0.9996016888454567
3441,1
3442,1
3443,1
7330,1
2433,1
2435,1
3444,1
2436,0.9613178667287017
3445,1
2434,0.9402255238390251
3446,0.9973010966683289
7325,1
3440,1
1907,0.6294475722949833
907,1
3447,0.9446127288699251
838,0.47239872031071695
3448,1
3449,1
2437,1
3450,1
7370,1
3451,0.8501662756001743
