2,0.33002831389664894
402,0.14540080844065126
10,0.16543795810554165
970,0.7569289793947185
113,0.15451884478133984
54,0.2660362622791479
271,0.5544696627964231
119,0.22321242644619077
471,0.5094956680702379
168,0.25506019676205094
74,0.3074783078956255
474,0.1447983960459727
37,0.2974260847998929
439,0.1557167840777501
99,0.17910263970178286
1632,0.1365155398527996
1127,0.09227753989528913
4,0.27336107939260135
1,0.17517626437834863
505,0.12693925754654392
121,0.17666497330103056
7424,-0.24295199962383085
91,0.2892084628900686
297,0.2697486837259749
312,0.24132275258420316
238,0.1738860611858376
2473,0.09735107522207725
40,0.16303132887673885
31,0.2138518835567713
7400,-0.03704999155695911
710,0.1734530529823645
625,0.151945724467513
744,0.17410605626566386
1401,0.0633947870383552
380,0.1955174189383335
917,0.15086406309278985
45,0.17109595108882933
1209,0.15566705831609928
293,0.19905503266338856
512,0.16704521108009418
23,0.29247577060732516
251,0.18276638488221522
2891,0.09578720180491745
44,0.23032584004559556
7552,-0.04093219103672962
712,0.17474421429228823
249,0.10845616457635097
1469,0.37907841678257986
1115,0.14507655528687646
501,0.25449570026160084
436,0.24171904556456236
768,0.11646623524746835
989,0.31777048504031935
1087,0.09467306476875786
532,0.22183829126699028
379,0.13174281797705703
389,0.1418299398515636
446,0.3324373634256912
126,0.21854191823663963
769,0.11566596403208337
1909,0.09052975260896419
131,0.16807694019062175
145,0.08627468950419317
561,0.16388749299298244
148,0.15804142853512365
270,0.2347185637646011
2103,0.09511127524960897
237,0.14848015700189449
1409,0.12347364612428476
466,0.15772723241964437
223,0.19494532808033083
109,0.15788005472671562
2698,0.09212536437879686
1226,0.1200876842084013
460,0.1312142552390187
1919,0.09485794047802715
152,0.1755481396422393
1230,0.23594947176270187
7327,0.015285607847266451
840,0.12021204454322158
1628,0.09487768824664496
711,0.17322140705935393
1600,0.13982458407236534
935,0.15257222875194199
1270,0.15776321428891102
851,0.10499190469163713
531,0.11940634122604392
234,0.2507090013041558
2438,0.09392867915113684
1913,0.18386196633981322
106,0.13652385014576376
1077,0.1432107219148121
1921,0.023598110565488883
1212,0.15406925955425058
626,0.24475029672293255
108,0.19401230771852976
774,0.1163740016700432
1099,0.11070481887597616
139,0.188071887604903
193,0.18981236658896408
250,0.19853184553397502
1908,0.0950124297302718
1076,0.18526644568906803
1816,0.1420809482908294
1131,0.180723622139092
165,0.22983259974927067
1398,0.18861736261701914
1601,0.09625799759525726
2439,0.09443534869430048
2440,0.09627787347049602
1078,0.13979632892662383
84,0.145338499613716
468,0.23465223204624586
16,0.2030416103003901
2441,0.09392867915113684
606,0.28931886997647016
7550,-0.06474773657989503
654,0.12737139011250526
841,0.12285355577013413
419,0.13063537703269582
2442,0.09443534869430048
153,0.1534205539684838
562,0.21995204962921114
1910,0.09063424724924658
842,0.14246599611686336
1911,0.18785735830227368
63,0.2279374794580419
298,0.17925270250368222
1210,0.059908253216300986
1080,0.27186174302378563
908,0.24375716775162748
353,0.12852804414292782
2444,0.09618584382060215
1603,0.09565576987056675
986,0.11163130334094452
500,0.21213539816174287
469,0.10683030247341627
401,0.13395091320233324
138,0.22569987966829116
1402,0.09183863988581867
1214,0.16093881945354618
1602,0.28330604608290144
987,0.21290921713620156
1400,0.18903195546195328
365,0.16004466910600226
311,0.2027570319967821
1914,0.09627017312260361
438,0.21358110847245612
988,0.10924430062954309
2445,0.09423922644535397
656,0.08621221967951254
354,0.42471957280248285
771,0.23098785932727917
607,0.24154146105483135
844,0.21350374398555555
846,0.16575208711113448
2446,0.09212536437879686
200,0.2833415676375259
847,0.27599754760399287
224,0.16367516450185282
503,0.16592891283135375
1606,0.1468060000468301
3480,0
437,0.21329825575118871
2447,0.09392867915113684
2443,0.09392867915113684
129,0.31624903011259786
149,0.15074549934073575
1607,0.1346493446700937
1916,0.09629633964245142
504,0.1851415732490047
7401,-0.09889538397175718
909,0.1292520993240939
1605,0.141031754498006
770,0.2273046167558339
845,0.20604303103222724
655,0.1413179871339244
773,0.18535888296622316
236,0.17478891444611674
2448,0.09822441794086223
843,0.41275476175049086
502,0.29685042093203695
366,0.17021385029642996
1922,0.09318229541207541
167,0.1725570311716449
1219,0.22765176298982429
1082,0.2738466019097106
150,0.12659456235941632
1081,0.2718748118328112
209,0.1841999091704576
713,0.17136267345439357
470,0.35821106545410947
215,0.22941840708061437
322,0.28542072705611304
990,0.11033679396072908
1917,0.09472513967763477
848,0.1409791634993627
1083,0.09432780334186186
2451,0.09636975236875593
72,0.17406256451608684
2449,0.09539222931642735
1611,0.05625736993651747
2454,0.09443534869430048
2450,0.09641179846213373
1610,0.13771686340013756
2453,0.09053601449497076
169,0.19489838517338368
991,0.21534767043546324
420,0.2944703559468524
441,0.16314418038321038
1613,0.14230087966424823
993,0.16533081137153377
772,0.22947802234345882
21,0.21272211223810888
2456,0.09114900354082162
2455,0.09735107522207725
2458,0.09810263758652432
1927,0.09678300644076132
2457,0.09810263758652432
272,0.08576906553088201
7582,-0.48693641545748595
563,0.11976146687206515
564,0.1625184943835741
235,0.25612017869760056
2459,0.09212536437879686
1915,0.0924020912936819
1085,0.27435327145287425
7437,-0.3918537278315864
1404,0.09437793097697485
1928,0.09380219189109537
534,0.1766495591129082
715,0.0948820760826031
658,0.2195910199903733
1221,0.11696088131363248
2465,0.09443534869430048
2464,0.09631472216733361
657,0.1385858788399053
1222,0.09258091316094798
2466,0.09529686312340899
659,0.370282076469655
2460,0.09452996136907378
565,0.21698923053166985
1088,0.1428434156567041
1925,0.18847845289070794
3516,0.01013764555759656
252,0.14041743962363612
1608,0.26987688413786065
1215,0.4497948068964344
440,0.27052500418467046
175,0.15163543792451847
1609,0.26987688413786065
2462,0.09631472216733361
2468,0.09443534869430048
42,0.15476016521079794
1224,0.12046082862349977
1926,0.177560701896011
1090,0.1415656897736603
2469,0.09114900354082162
2471,0.09631472216733361
443,0.150088059195614
2467,0.09443534869430048
997,0.3233684706554113
1220,0.22849950486454162
1930,0.0947570149112769
717,0.17022506711169816
1091,0.28301186270948164
2472,0.09631472216733361
996,0.2202013584029222
2470,0.09540005361724385
100,0.2126547315685784
355,0.17944023089960573
2474,0.09452996136907378
718,0.11687503754993772
994,0.06996357809074726
2476,0.08970229047392818
716,0.06265181190501237
1413,0.09655588781294996
1093,0.18372565358027523
609,0.12280529234030538
507,0.09310664633579022
201,0.22325487764070398
506,0.1816265988516687
1227,0.4497948068964344
535,0.13008505938007225
536,0.07915318138258945
1228,0.4497948068964344
1096,0.1882824294671922
1089,0.13997828791356826
382,0.10568471594966299
910,0.2459784866774645
2482,0.09521105290991556
473,0.14630616609364397
2478,0.09701909832402675
566,0.16520531661980467
911,0.09594540442941993
472,0.18334400790785818
2480,0.09597644624553947
2477,0.09795790854653436
1932,0.09470360756487804
1095,0.11510299364727265
381,0.21915293173670727
998,0.21310582867147518
323,0.16962212273529126
1619,0.09523205055919205
775,0.10872282882207354
533,0.3766971589837951
7569,-0.5545948925651841
1098,0.11362995828422726
194,0.204249823711488
1933,0.09412453468111791
1618,0.09418187466009485
1416,0.35983584551714753
422,0.1378885074052008
7371,-0.019850730340924754
1216,0.4497948068964344
2484,0.0936605839899454
339,0.18985047263984933
2483,0.09053601449497076
1614,0.26987688413786065
2485,0.09443534869430048
442,0.15582572900730804
992,0.133370231110901
1094,0.14178472672772657
1406,0.35983584551714753
529,0.11876702344944713
1938,0.09375259547290649
1935,0.09464400103594724
537,0.17505986779706734
216,0.19381074366799925
2488,0.09212536437879686
324,0.19729141756740884
1936,0.09444413823087391
1918,0.09722563083436933
2475,0.09578861264816782
1420,0.1252162194741725
1086,0.18336760465953594
1621,0.140913546845985
2487,0.09811894668222988
1218,0.11744892044924574
421,0.4225940873529813
714,0.5225123758707593
1940,0.19557448161662716
403,0.09563374567725949
274,0.19930138682360907
1615,0.14306397674025548
1931,0.09686695551093542
1942,0.09669261560893719
2481,0.09480926234653259
1624,0.09711908702687322
1419,0.1269930440622129
1399,0.18831018079433864
299,0.15799812886108786
1232,0.11900613362353654
2490,0.08899440963650208
1225,0.2259806049479722
610,0.1353131175646357
7402,-0.09180168030746658
48,0.1876008010206042
7511,-0.3516547867386418
340,0.16237709789028676
2494,0.0926007587018869
159,0.22090487967112238
467,0.12577624658468017
1234,0.1461106824796615
767,0.30799497196687925
423,0.25567960372461834
444,0.10873658825440749
1920,0.09571225122951013
273,0.311788428205948
7589,-0.3408306009964461
2492,0.09443534869430048
1623,0.09609684098233855
1412,0.35983584551714753
1415,0.12418388727420342
912,0.15112384819880326
1092,0.5397537682757213
341,0.15214000864693847
181,0.1803432561246579
1229,0.4758040663850607
1408,0.35983584551714753
1097,0.5397537682757213
111,0.23294387099120614
1945,0.1954269022934998
2495,0.0971631642119357
1421,0.12367699699745117
850,0.09559077320950214
508,0.18740878216186735
187,0.22161288907578003
313,0.2427384200212305
567,0.44260749023512913
1943,0.09508736281925684
662,0.546291312321874
2486,0.09349029237241467
89,0.14666929128717532
568,0.12121743021040024
325,0.4327145319365333
445,0.3253714113993421
447,0.16189645940410774
913,0.1802317106642605
1625,0.09626234082283608
1100,0.14523311548390364
1950,0.0974939250752829
1629,0.09548171736838429
1405,0.09527312370650558
1079,0.27249903640508893
1233,0.23565964241269044
7413,-0.16340186443780186
2499,0.09212536437879686
1947,0.09281725764509471
1949,0.0974939250752829
995,0.2141924598050815
225,0.1869939789789997
1946,0.09104493437701047
2496,0.09343443927056015
2497,0.09212536437879686
1101,0.11295893993095493
140,0.15606856337339217
660,0.11426186739908935
914,0.1501980090317745
1414,0.35983584551714753
569,0.24767917313261995
1422,0.35983584551714753
1630,0.09479298014372
2491,0.09343443927056015
1951,0.09603725024465663
1231,0.4497948068964344
404,0.10656942250034761
1211,0.4497948068964344
50,0.1813323372035269
1410,0.35983584551714753
405,0.1858655822578104
776,0.9851508939705974
1633,0.09711049308755886
263,0.2888129643602519
999,0.16529724757064762
1620,0.14029244856176287
2501,0.0967444010262228
1612,0.14445621937557063
1223,0.4497948068964344
356,0.16692161896483132
88,0.1774120566737866
1411,0.35983584551714753
1002,0.22502262697574468
326,0.1829513926690688
1418,0.35983584551714753
2502,0.09301156142657797
538,0.2796258974678891
570,0.14562993880457908
101,0.23834438148121878
424,0.11288817322299216
1236,0.11770997835308177
1616,0.14239367544203602
65,0.1607332391887291
1956,0.09675859176977133
35,0.17885108659172888
661,0.1635975309511304
33,0.13312996348602357
2503,0.09353581410896633
1213,0.4497948068964344
97,0.1666457795965702
342,0.2170182664666752
1959,0.0927129185216373
154,0.1038875215476769
1960,0.09814613248405664
2506,0.09620446433722796
1102,0.18944927558165495
1235,0.06117349843251799
1000,0.33832865626145614
1423,0.1252903775572365
1626,0.14537905443433974
916,0.25317087875810307
2504,0.09676291208295096
1955,0.09698283612390024
571,0.25687577084823354
239,0.19509684591674542
1104,0.09626681287512277
915,0.11445416505813548
1953,0.19557448161662716
1944,0.1954269022934998
612,0.1400253146143069
2493,0.0979764462884751
7372,-0.013109593642634544
1957,0.09186249914600036
1635,0.09477491576602205
1103,0.10312706012749077
1001,0.09433039800121083
1634,0.14094112940758946
1965,0.0961704608150898
2510,0.09630607381171379
1952,0.19644883588172446
2507,0.09630607381171379
1964,0.09685770106233672
1425,0.09534388427528265
1105,0.13230497012216885
539,0.2555275624362433
663,0.1276344870326369
2511,0.09443534869430048
777,0.07365603747195937
1417,0.0960156439133556
75,0.14896237391106146
611,0.15675087894271933
2505,0.09868257526222138
1962,0.09665127992124058
2518,0.09630607381171379
1426,0.38308485810461
2500,0.09262295386361147
327,0.17342236979677092
1403,0.35983584551714753
1424,0.12602399958745766
1237,0.15277416532793145
2520,0.09349029237241467
2519,0.09461612242433981
2509,0.09630607381171379
7438,-0.21077361240120024
2514,0.09630607381171379
853,0.1222721180079199
1238,0.48372200513111396
511,0.1961277477636915
1966,0.1842095272595928
2515,0.09630607381171379
2516,0.09834075061020646
719,0.26040769349335835
2512,0.09490590748017734
852,0.4392191337436693
2521,0.08991278048046236
1622,0.0967424749873736
2517,0.09868257526222138
1969,0.09666148669899985
1967,0.09611906141153781
1636,0.09576992341721008
1638,0.0349785748817668
664,0.12793269713254837
425,0.5868893334040236
182,0.1599710790243872
2522,0.09630607381171379
2523,0.0934447947005957
510,0.4960070919746151
475,0.26171063427086055
918,0.128437731345419
666,0.09306296959769166
1640,0.14138278491183123
328,0.11103099553149715
920,0.11053973627644036
226,0.10818161365169941
1948,0.1894713176998334
137,0.16799506125151936
1639,0.2927477622631977
2526,0.0967148927912948
1084,0.14084317600105475
368,0.2062050262547613
217,0.12224561551322885
1107,0.14203701571820324
367,0.231695547168248
1217,0.4497948068964344
1239,0.23578224158137187
720,0.0957610950878244
1971,0.09689489294252572
921,0.24431450834625326
2525,0.09743782757441534
7373,-0.007120356461090303
383,0.13376782167816825
155,0.12521464560082052
922,0.17618516988283475
7423,-0.227771155979323
1428,0.12803330647461417
2527,0.0967148927912948
1642,0.0956490790644633
1641,0.1449410027298965
1109,0.28401528516979124
2529,0.09616964191907944
1240,0.23810437630669604
1106,0.10927229421227429
2528,0.09469425827641156
1973,0.09732755744156524
2532,0.09721728730871515
7508,-0.4274421335985421
1644,0.14269527450055638
1003,0.16335193537407705
668,0.139426237148294
2463,0.0977134511467499
2452,0.0959398426736123
1978,0.09604548129755486
1977,0.09440950194861705
669,0.14194097281005433
721,0.2104077450282643
1647,0.09503587767008004
1648,0.13996972618965012
343,0.29068767776190996
1110,0.28181330798067405
2489,0.0969628914778985
1637,0.27786886159083435
2533,0.09774126141808581
130,0.12515865032233942
1974,0.09589865091761372
1924,0.09564981380111384
2534,0.09600907107252417
778,0.1492481498627791
1241,0.09565155522394148
1979,0.09482061094704934
1004,0.13052726627294375
509,0.1380372977468165
1976,0.1
1929,0.09601154819185828
1975,0.09477246059822464
1645,0.2760805437572152
779,0.23525349975476992
1972,0.1840536958381435
1980,0.17696091207036782
1981,0.09613435846787766
1643,0.2902887362488529
1108,0.1890422970834724
614,0.09507593831927474
665,0.190020188375596
613,0.07683214830046674
1429,0.37596860367892937
2537,0.0938296171922564
573,0.4137178533625708
2536,0.09918269318752422
448,0.27760815102917374
1983,0.18847845289070794
2539,0.09794053340994316
513,0.24904414402764838
722,0.5110560988259568
1243,0.159415457215262
1651,0.14517983970026838
1985,0.09692819709110126
2541,0.09301156142657797
202,0.1468113476974288
1984,0.09750135397168527
406,0.11356284839506274
7498,-0.15926389221825696
855,0.8827724427482597
2540,0.09794277664961866
572,0.1626017653738309
90,0.13399614421621983
2538,0.0938296171922564
102,0.19164018819137205
924,0.2501001309928924
923,0.25476413985007257
2546,0.09653419289674857
3774,0.001344425448744752
2544,0.09523750793565784
574,0.1647211980797927
856,0.29053468463072774
2547,0.09524022907426073
1988,0.09689940780593201
780,0.15901484485425585
1991,0.19617165394405772
478,0.10295996726344171
1431,0.12699540885767824
1992,0.0958393641609453
2549,0.09652533699601096
1990,0.18333007871650076
1005,0.6416552755077525
2551,0.09652533699601096
2542,0.09793047044005074
2543,0.0998001971409483
1244,0.23194090098335593
2548,0.0972064405755913
667,0.2176223798484278
2513,0.09834075061020646
1430,0.09451863250500095
781,0.31688981422500834
608,0.24618363484903943
477,0.24963378138715955
2557,0.08987046470210225
576,0.3188169822426189
1655,0.09480347266102163
540,0.14251883544146782
1994,0.09687627487087447
2558,0.09461612242433981
7449,-0.926007587018869
1958,0.1840536958381435
2535,0.09202684791907174
575,0.19657144314226735
2556,0.09423922644535397
1987,0.09721169581548936
476,0.16174768707607268
57,0.17651908196328597
1657,0.09700013420632708
1998,0.09163718395980924
926,0.06949670314267564
2001,0.09433728756982723
1997,0.09555414529983908
2000,0.09288804634593628
449,0.17047791574369767
2565,0.09423922644535397
1999,0.09594521287130434
1658,0.09680539606178908
1659,0.09619538085639441
384,0.12265801486539711
183,0.1787401545903636
7546,-0.6399667448236234
1654,0.0968572312882157
1996,0.19262944433466722
1111,0.11405473118377556
1660,0.09770572913071739
1247,0.22928800954714706
282,0.2940222740158205
2566,0.0921047636297964
854,0.1215053958112386
2564,0.09395481676918799
357,0.13165649771405294
7524,-0.41043440285091204
670,0.1596857335351547
1248,0.09565358257419222
1432,0.128077494098102
7394,0.015413115751640791
615,0.17586030737498537
2560,0.09686558782335826
2570,0.09631472216733361
1433,0.09748363289447111
2568,0.09472535316375023
782,0.9395870478134577
2553,0.09591258716679144
2004,0.09782180955029246
927,0.24891518049492367
2567,0.0990014075501002
1007,0.22185259279095185
1662,0.0956756175125202
1434,0.3666601574330015
1934,0.19557448161662716
2545,0.09395481676918799
2562,0.09202684791907174
2569,0.0990014075501002
1661,0.14676876886516488
283,0.29861903448549265
1653,0.14518509479741387
2572,0.09652533699601096
2571,0.09855501053126749
7564,-0.028928355933740876
1663,0.2649642593177323
2561,0.09743782757441534
579,0.24301545619689752
2010,0.09784996020580636
2574,0.09750222766894821
1995,0.18386196633981322
1437,0.09366783463591616
1250,0.15965656815347296
925,0.18420771513161838
358,0.1752443846678977
1438,0.17794696218020534
7570,-0.3430320057449918
2008,0.0900097258631111
1254,0.15074181498924696
2006,0.1842507287575937
385,0.2353886401252158
919,0.24537779936973111
1993,0.09838966029764623
2011,0.09866738339782502
578,0.18702907585474793
2559,0.09822441794086223
1435,0.19387230825826635
264,0.16186741202498514
928,0.7735490768656802
2563,0.09221308637643091
671,0.1647146842065692
857,0.12153951878943436
2014,0.09653392908682551
2575,0.09652533699601096
2015,0.1818593300853567
1666,0.14633093617761136
2012,0.09538949909321845
1665,0.094777009794081
1963,0.19044654250636633
2013,0.09582674788730627
2531,0.09578720180491745
1011,0.13281508897458805
1113,0.28309685242993315
725,0.10504438666125682
1669,0.1440241873531288
849,0.21141685594013004
1667,0.14226288486677355
2002,0.18887069738860096
1255,0.15765077578907458
1006,0.219976857561092
1672,0.2649642593177323
2578,0.09989773200491972
1436,0.18159433862929727
1652,0.1420215198922321
39,0.24358697636586607
2016,0.1855629359100494
1112,0.2781498769439674
1668,0.2765038339552248
672,0.1257465882997303
783,0.235134382099379
1439,0.1865145854756179
2018,0.19047501587131568
2550,0.09392407308004218
1671,0.13925957566504898
1441,0.18032662431287663
7518,-0.2599936692013218
2007,0.0968406296556042
2581,0.09381288593981049
2582,0.09461612242433981
2579,0.09681457585273659
300,0.21938251155445124
2580,0.09803782653294374
1673,0.09498550754228928
617,0.12335675338449954
2588,0.09957195273956772
7329,-0.09166503935825038
28,0.2894526469658964
620,0.20629621680332702
1258,0.11728102169824722
784,0.15844290232173172
726,0.3959352388893064
1013,0.3108596844843372
674,0.3728417613288945
7596,-0.7143751998033631
858,0.2113965804485975
407,0.2590100275290488
1256,0.15736005068600092
2554,0.09568898930802094
1008,0.1366153402154773
1114,0.2651773746795306
2019,0.09725711971700648
2022,0.18780568988057852
2020,0.19592955478391752
2461,0.09619842084456141
1646,0.07002725133224849
1009,0.131310737837191
344,0.21697219578729524
210,0.29322457719610207
240,0.34008519792967395
2029,0.09601137802320955
78,0.14163401191394084
1015,0.3301051613192827
2585,0.09390284494028926
1444,0.1803677369219424
1116,0.18140521499267095
580,0.10237281056567535
2591,0.0961669930305353
76,0.2094585967948563
616,0.20892426140748943
1446,0.19276173378156036
2584,0.09472535316375023
1014,0.22062828642855994
2023,0.19557448161662716
2027,0.09572955841890628
408,0.0911428468597105
727,0.20804386611653278
2590,0.09705185217609738
514,0.14969178344005454
1676,0.14324659451898794
1677,0.29211557116021514
676,0.19016042903233957
1941,0.09634371431699217
675,0.15707827636776478
479,0.22489820047223766
2593,0.09514458778119025
2031,0.0645515503239245
2592,0.09737185705340505
2025,0.18588933975590805
2030,0.19557197822698114
2021,0.18568092100614933
1253,0.49337117278320236
1447,0.3756962923201687
619,0.123221627243261
450,0.5470210682487412
859,0.138709046882183
1982,0.18784814616008436
1449,0.09490281552848003
1670,0.2649642593177323
1010,0.16923945364023163
7519,-0.5518105078606382
2583,0.09778724080831358
1251,0.12217031270920013
1259,0.23586051233085756
1678,0.28330604608290144
1674,0.2817085348208678
1260,0.22860912078203943
862,0.16635783649428254
1245,0.46083972325870803
2596,0.0968666834584718
480,0.21220987752698894
541,0.10430779689232765
195,0.34068606695958986
2034,0.19225983502703572
369,0.17348813368333396
1262,0.2394135451584698
2044,0.19541672469838753
218,0.2847701984993783
2040,0.19254352473571948
2039,0.19254352473571948
1680,0.14615981790588517
2573,0.09942585002647782
860,0.42186759434992
2041,0.09731893868194606
1451,0.09772121247033737
2598,0.09646092591306071
11,0.12835526189865848
1679,0.14374698681215373
1257,0.09658111510114406
2032,0.09882398181488097
2604,0.09390284494028926
1664,0.2827176793360619
2597,0.09631504616800976
2603,0.09686558782335826
7587,-0.9390197176190839
1675,0.14702289414271338
2037,0.09770339485833218
2587,0.09775136326597546
2038,0.09521034389536329
677,0.18517822645319462
2033,0.19331388385022652
1452,0.3662238201831167
2043,0.0909935188502487
1117,0.11374861338825504
2042,0.19225983502703572
678,0.19259343632448597
2586,0.09822441794086223
929,0.37620549834960504
1264,0.1578352366020134
2601,0.09700802181817152
1118,0.1873505595626814
1968,0.19292185182612143
2589,0.09294466987795402
2026,0.19225398224634654
2036,0.19281712750661537
1681,0.2649642593177323
2049,0.1766428395451549
2608,0.09555484411812731
1456,0.09454726450531588
6,0.2550507734524521
2003,0.18847845289070794
623,0.10064716942062622
275,0.21037858673972346
2606,0.08895602346061796
2005,0.0933275193560061
864,0.2087742515109705
2524,0.09095029059145486
1249,0.05460766173596858
785,0.09577353613961016
1683,0.14217149988452515
1650,0.2649642593177323
2050,0.09609132806798634
1455,0.18501497729672262
2595,0.09522327125318317
2009,0.09346947271506423
1450,0.12630748362995112
2048,0.09121093832831828
1627,0.14036721914076522
2607,0.08832141977257744
386,0.17990490617423352
2046,0.09530237370972328
2552,0.09522327125318317
481,0.2736122798887117
786,0.22916804644638447
2602,0.09390284494028926
2610,0.09570474812055733
622,0.10472277794726655
2047,0.19331388385022652
932,0.7500761830320248
1119,0.1845664494999567
2599,0.0972969609315684
1265,0.4730999229012989
2045,0.09640727839116278
2024,0.18887069738860096
1121,0.2441663267713987
77,0.17078252314463935
1246,0.4416070988628872
1453,0.0951680105800584
863,0.06551341881803639
931,0.15045949725619234
679,0.37649544151489395
426,0.28677662159785094
7374,-0.04232638682823198
1012,0.11449850729536339
7561,-0.6562965340891088
1122,0.18978948356702244
1266,0.4503078665275648
2612,0.09674616581777912
2051,0.19114836820203854
2028,0.18780568988057852
2609,0.09750222766894821
2611,0.0921047636297964
2054,0.09494391730509356
930,0.36087784214155605
2600,0.0994792804029922
724,0.4945480945451568
624,0.297138189595552
1684,0.14013078767947368
2617,0.09822146588007521
359,0.20583581143681773
2059,0.19644293176015043
1687,0.2914894926358071
2616,0.09822146588007521
2057,0.19644293176015043
2052,0.18588933975590805
302,0.22114069696070596
254,0.24332613152086194
2622,0.09640856375330768
2056,0.19644293176015043
1458,0.09488547707417573
2621,0.09840356144265541
1686,0.0977856262959561
2060,0.19644293176015043
303,0.18997373186245323
387,0.4932223124944102
2061,0.19644293176015043
2062,0.19644293176015043
1120,0.11469971531358843
2017,0.18887069738860096
132,0.19199316588895396
2623,0.09366561792791994
2055,0.19644293176015043
3999,0
7533,-0.9427774082236532
1682,0.2765038339552248
1261,0.12224492630842262
1688,0.14294442307562089
2620,0.092358813382799
2058,0.19644293176015043
2064,0.09313082916154414
7439,-0.4217001316776067
865,0.14108680239087243
2628,0.09366561792791994
2627,0.09906859396169938
1267,0.11893229577910731
1690,0.13919162234675897
2625,0.09366561792791994
2626,0.09668067433940436
2067,0.09489022965916902
1937,0.1954269022934998
2065,0.09699921581528409
2629,0.09618882725702954
515,0.23426302348672423
934,0.12885335131628087
2069,0.09479022895825467
2618,0.0921047636297964
788,0.8300834490899548
2070,0.1855629359100494
2637,0.09522327125318317
723,0.39677388420477455
2635,0.0927479477533294
2639,0.09750222766894821
7576,-0.49350894203374757
7520,-0.22537048627445286
7396,-0.0831902586809363
2605,0.09822441794086223
2644,0.09850146404299545
1124,0.18534208378472491
2642,0.09202684791907174
1989,0.09790389085476867
2613,0.0984913992089465
7571,-0.40982102998776143
7409,-0.16551077101877593
2645,0.09826220873721757
1693,0.09240878016800504
2643,0.09661383563983922
577,0.4308915521171564
2072,0.18931427889318822
1460,0.19016160547108138
7395,-0.10836258384179095
2068,0.09725987346779191
7414,-0.18819110482793716
2619,0.09822441794086223
2614,0.09661383563983922
2636,0.09646092591306071
1443,0.18969432926342777
2035,0.19557448161662716
79,0.11787984689038722
7415,-0.039567966871847604
1939,0.19047501587131568
2649,0.0972067230646895
2646,0.09954154238773852
728,0.1979360930955949
2615,0.09414368641170534
1692,0.14671589122643286
2508,0.09522327125318317
1445,0.19076523201188184
2648,0.09620446433722796
2647,0.08970229047392818
1461,0.1274696969851936
2640,0.09826220873721757
2077,0.09289998579634928
2624,0.09735107522207725
1462,0.11863978992249746
1126,0.5986929593532584
583,0.27217577762307915
1689,0.14496291145467927
2662,0.09840356144265541
2071,0.09568224952941556
2660,0.09682396369656715
2659,0.09670738030650193
1694,0.09482438099780714
2653,0.09501182304871202
2658,0.09778598911349057
581,0.4398416228502497
2663,0.09570474812055733
2076,0.1840536958381435
1698,0.14365906087109337
2666,0.09998703126685868
2665,0.0940991314819758
55,0.29705699961851595
2082,0.09949421940847944
2668,0.0941276961421101
1696,0.09466550180693961
2675,0.09833091967855428
2084,0.09375409452235264
265,0.22435812503096988
20,0.3617403867357945
1269,0.09586098730017889
1697,0.0878519982541971
680,0.0909447950672299
2669,0.09431912582424648
867,0.4191692368110717
388,0.6175401224798334
4311,-0.006277539418022289
2670,0.09833091967855428
2655,0.09778274095090783
1463,0.18929560494305966
2083,0.09303242944803077
1700,0.0965066035421518
2086,0.0960293003648172
2672,0.09833091967855428
2081,0.09343680545556152
2074,0.18997808853753942
2674,0.0966884192797433
1263,0.4666674727393558
2555,0.08394864515831407
2683,0.09833091967855428
2654,0.09833091967855428
1018,0.13186699917781727
1702,0.14174340990647039
18,0.2525084063285397
1448,0.12743217781887708
7450,-0.9987541140377912
1252,0.12112667356649774
2085,0.1933768385594866
2671,0.09954154238773852
2678,0.09833091967855428
482,0.14611334124689895
1017,0.3276987435937483
1703,0.14123359257543613
2088,0.09489161206199206
1699,0.27011502704517415
2685,0.09668067433940436
1705,0.09774346199732131
2089,0.0981348301650829
1656,0.09776226858864177
729,0.1300294243896976
2684,0.09688316674516337
866,0.12184008334148513
2680,0.095028567668835
2087,0.0972349522823068
1701,0.0988735870897789
2661,0.09700802181817152
2656,0.09522327125318317
730,0.20504133009813746
933,0.1257299399267333
146,0.13774270663254345
1019,0.6214624566360384
1466,0.1919625379836587
2688,0.09833091967855428
2630,0.0927814679550247
2691,0.09957195273956772
1464,0.18589294817393676
1467,0.1957854908890842
936,0.377262244536235
2689,0.09555484411812731
1704,0.14648995772554887
2692,0.09954154238773852
542,0.11848681634111458
314,0.14247136974767038
1649,0.09424232594883249
2693,0.09372768105108012
628,0.31579912931288995
789,0.7091576216144825
2092,0.09779554864686131
2694,0.09833091967855428
2091,0.0960293003648172
1468,0.12944140545563965
1271,0.15327286019059486
1273,0.1213677407449418
1695,0.09592766293097806
4017,0.0010615426585831172
627,0.1374436595467411
1123,0.14475096927473136
2063,0.1943542626763003
937,0.08653675062528739
2094,0.09564989657532119
2664,0.08780794182469437
1021,0.13308037108132764
7328,-0.02071642210091783
231,0.2101388908306577
2095,0.1943542626763003
1125,0.26591058853924826
117,0.11301824988641611
1275,0.4845660768604683
7448,-0.8878035094800549
2073,0.1933312015544692
2682,0.09523750793565784
2696,0.09668067433940436
2697,0.0984913992089465
1454,0.18550554895371033
451,0.1528575849246038
2093,0.0967238445970227
938,0.15177812061845256
516,0.10578184354892181
7440,-0.4168046661557464
731,0.43360438763723813
253,0.1570242746500513
2699,0.09706260589755077
1129,0.09714390148094738
2096,0.09530941947858185
2695,0.09822441794086223
2701,0.09501182304871202
1427,0.09570136528300893
1708,0.09563395297249806
2097,0.09369664948950003
2676,0.09218197040814802
629,0.1552491619109127
2704,0.0968764353862579
2687,0.09822441794086223
1440,0.1267405989010207
2099,0.09388344148362429
2705,0.09689708997612967
7572,-0.9319549083686886
2681,0.09689708997612967
2703,0.0894359632886943
1706,0.27324545242445525
682,0.09723445359533794
1130,0.14114466633749043
1276,0.09632234923397814
2700,0.09822441794086223
47,0.2516660876445806
17,0.18749884588676857
2667,0.09626645289289583
2101,0.09381518731608562
1132,0.11449115604721098
1691,0.07163045974421914
2100,0.0924515128376587
939,0.09615077892623014
2530,0.09833091967855428
1133,0.14442735843140259
2708,0.09833091967855428
7452,-0.9953889068330698
7451,-0.30138181932590385
790,0.6485928840902543
543,0.27821845221505753
7580,-0.20768823436207173
1685,0.1424320372969345
732,0.1305176254046404
2706,0.09833091967855428
26,0.13862249053373468
2710,0.09372768105108012
2102,0.09526877100746542
2709,0.09443534869430048
791,0.9513495840355345
1465,0.12960101912659264
2712,0.09927178628876349
2105,0.09482407570674825
2711,0.0967007891130487
2104,0.09689121995730214
2106,0.09447547615213164
940,0.10960616796252878
2715,0.09786611534224479
1710,0.09733127437502082
255,0.09129946400827504
2677,0.09382308838554183
2714,0.09692715590115265
15,0.18922545773985017
630,0.24830637483907644
681,0.10277898424196463
2108,0.09804526664155351
2716,0.09710929998155406
584,0.3198938631403348
7499,-0.22275021916265883
1268,0.22824247928207875
66,0.20530236924281675
2109,0.09804526664155351
2719,0.08656193167253391
188,0.17007966565163152
2713,0.09822441794086223
2720,0.08899440963650208
2721,0.09786611534224479
1242,0.4809352278467112
212,0.1689422354224535
2722,0.09786611534224479
1471,0.09428859435441536
1709,0.09219008654190043
2717,0.0967148927912948
2723,0.09833091967855428
2110,0.19535782395545892
1472,0.06423997434989549
792,0.07961151181080148
2724,0.09811991110612983
2726,0.09869725696265247
1712,0.28406411369207785
2725,0.09822441794086223
7603,-0.19391138145037146
870,0.117577395045089
2111,0.08945146625347628
7453,-0.9811991110612983
2641,0.09811991110612983
2112,0.09290257608189145
2728,0.09811991110612983
1470,0.1860061113974938
2075,0.1843874460619694
7557,-0.5976719363468123
545,0.11816242785095432
2729,0.09117183858251164
22,0.1852811391378367
2732,0.09311264795913209
1473,0.09420114246508467
1457,0.09675982039134527
1714,0.09432985116956938
452,0.11136402074568953
2631,0.09501182304871202
869,0.17313183013626723
2731,0.09822441794086223
345,0.16684212651483094
1716,0.09499197555417793
1713,0.14427100846298047
2098,0.09735127582808768
2733,0.09516081327701215
1617,0.28406411369207785
2107,0.19044654250636633
1717,0.14171668928800057
733,0.20899918028909492
315,0.13712992730053497
2707,0.09822441794086223
544,0.20489623169421806
1715,0.0958635227084026
2734,0.09382308838554183
2735,0.095748735112773
2736,0.09117183858251164
868,0.43119927511609296
2727,0.0932246434424691
1718,0.14378741344509574
2114,0.18764617677108367
2739,0.09557418410101927
1719,0.2856698137595495
1720,0.09742585961748308
2730,0.0994792804029922
2741,0.09382308838554183
2740,0.09443534869430048
2116,0.18764617677108367
2738,0.09529625758146024
2117,0.09908944509787375
2737,0.09807240347750473
2742,0.09822441794086223
2115,0.19535782395545892
1279,0.11892551081967159
734,0.20405040555466109
2743,0.09822441794086223
1923,0.09719799021240691
2118,0.09530542389812174
2576,0.09522327125318317
1280,0.15995226718147246
2066,0.09677005433513831
2744,0.09822441794086223
2119,0.09605012187114409
7547,-0.6457857633116038
9,0.22713648293168837
1475,0.09424056586013044
2748,0.09122025180443533
2749,0.09833091967855428
586,0.1650933607355411
2747,0.09822441794086223
2746,0.09822441794086223
483,0.1591476998110561
2120,0.19044654250636633
2753,0.09429067998578039
1476,0.12792486942747203
1721,0.1415007077010647
1477,0.0972433484070082
2752,0.09822441794086223
2750,0.09822441794086223
1474,0.19092567512200162
546,0.20189958476205142
1442,0.12696768376540188
1722,0.28406411369207785
2755,0.09674440737639778
793,0.18252727552377013
2079,0.09570216548334198
2638,0.09387582580142595
1278,0.11944482969461745
2757,0.09791836554619247
4721,0.0025359857409784914
284,0.15240914916705484
1277,0.15774479554784068
735,0.11775186245618863
2121,0.09299012087248511
2122,0.09504566345047044
1711,0.09478438052172804
304,0.15716845546399683
1282,0.1196673880293757
1285,0.09575584587461354
2758,0.09372768105108012
2754,0.09822441794086223
2756,0.09822441794086223
1284,0.09419884375182933
2760,0.0932246434424691
2762,0.09539222931642735
2751,0.0972490213924375
632,0.11235944798845865
2761,0.09539222931642735
2125,0.19059251516292047
2765,0.09752850516525802
736,0.3464408251005631
160,0.49108633537829643
2763,0.09822441794086223
2764,0.09822441794086223
2479,0.0932246434424691
2126,0.09399322146029568
794,0.9233843065052577
211,0.12578826995169695
203,0.13960571094349067
2767,0.09822441794086223
2766,0.09522327125318317
2127,0.09734371359825542
135,0.18581980842673998
219,0.1401609293236569
1478,0.12601496408349677
2686,0.09580840356063468
7387,-0.05571038306046687
1135,0.2857530731976712
1725,0.2796739303274073
1726,0.09641156149570675
2769,0.09720514922337174
98,0.20033255120034862
1136,0.09496521791780665
1283,0.11986827707151383
1286,0.15685825707918996
2123,0.09671213996151962
942,0.1888298841488717
2124,0.09372718077681721
1022,0.13334233326671202
2771,0.09822441794086223
2128,0.09319206806465011
683,0.1595199514724837
943,0.12444531190174102
1137,0.09461089906314231
2770,0.0932246434424691
196,0.1631617408850042
2773,0.09387582580142595
122,0.1755407041773696
2768,0.0931594926868311
2774,0.09589015090814079
2129,0.09642027018260102
2772,0.09822441794086223
7563,-0.5091824311108886
2776,0.08656193167253391
2778,0.09461612242433981
2777,0.0932246434424691
2775,0.09822441794086223
346,0.15090335645809583
871,0.16720604274554757
7565,-0.07646573399789734
944,0.1796605307580491
1727,0.13907447070520707
1287,0.11732212436707137
795,0.9937443255477516
2779,0.09822441794086223
305,0.16015010868861795
1729,0.281976452759197
872,0.27339047637820796
2690,0.09372768105108012
2780,0.09822441794086223
2781,0.0932246434424691
1138,0.14005376408739642
67,0.14333294148054887
587,0.10215910955180497
232,0.2264708206847403
2783,0.09822441794086223
1281,0.4764061375749938
2784,0.09822441794086223
256,0.1043022168118053
2786,0.09822441794086223
2785,0.0969677572138929
409,0.13143123026947717
2130,0.1952827159838213
2790,0.0967948346196742
2789,0.09122025180443533
1728,0.1426407205852639
7455,-0.9467155627983938
4888,0
14,0.2410753277110872
2788,0.09988968674852826
1730,0.14175929648085053
2792,0.0967948346196742
1023,0.20520430479689744
1479,0.12576139856913623
2791,0.09140323950019627
1731,0.09254171194130395
2132,0.0868684851620531
2498,0.09822441794086223
360,0.10863327721851128
588,0.110381972183695
51,0.15333440437849127
2135,0.09444818865552168
2796,0.09422971811116532
2131,0.1845309799259358
2134,0.09385654529364484
2133,0.19188501413103407
1288,0.09567621150874181
2793,0.09822441794086223
2138,0.09593553805153798
2136,0.09622706802601377
1139,0.09487816049997629
2797,0.09529625758146024
4910,-0.27602157930194515
2798,0.09594250706551703
2137,0.19044654250636633
2799,0.09380848727752539
1289,0.11888807512811349
2795,0.09822441794086223
2800,0.09505915673937042
1290,0.11821307498543086
1970,0.09721809630579242
7526,-0.6071357962621199
945,0.10614567976516473
2802,0.09594250706551703
2801,0.09822441794086223
1481,0.19187107610307597
1732,0.09298590456978643
2804,0.09422971811116532
2805,0.09646910459482662
38,0.23246803487632384
1724,0.1453392769964449
316,0.21073618699337557
2143,0.09561938232348863
1128,0.14228417959802092
107,0.19964596960868913
2142,0.09273485629767983
2145,0.09222244762345222
2803,0.09372768105108012
1480,0.38089308501273267
2144,0.09622706802601377
317,0.19380467447216784
4934,0.007866571067612363
2806,0.09822441794086223
2146,0.09490765838472334
156,0.11847525717919989
2809,0.0968666834584718
1291,0.4866530420819761
2140,0.09345308829124335
547,0.10810806396691518
1733,0.14182309800551848
1734,0.09271895301144097
2808,0.09822441794086223
2811,0.09792869957989314
484,0.13160558266646402
2150,0.09640459526199441
24,0.21269164075918612
2151,0.09626876262969837
2149,0.09835335983260766
873,0.8711499224532593
2147,0.09518992058470721
1024,0.16023060967824265
2812,0.09422971811116532
1292,0.06801507456297215
2152,0.0967568561505544
874,0.1085721361653229
1483,0.0951362271326699
1482,0.09571913213271407
197,0.11598153388066987
7388,-0.04934156375328625
2156,0.1899084489700078
4057,0.0007269100002640569
2813,0.09422971811116532
1737,0.09554757570972683
2807,0.09483489866416142
1293,0.15461884508731957
797,0.9764135799191065
1025,0.11034123154319465
2148,0.09534941135299596
157,0.17848724352592743
294,0.514466138919072
2157,0.09324383752493898
1736,0.09617832318746998
796,0.10497969695702504
7456,-0.9483489866416142
1294,0.23937224360406212
2810,0.09822441794086223
589,0.18093546393235962
1484,0.09621568293953447
142,0.10924527752618181
277,0.12338339531063093
1735,0.2858887727443807
2815,0.09384345704891378
2814,0.09822441794086223
2817,0.09387582580142595
2819,0.0932246434424691
2818,0.09422971811116532
2159,0.09455666686854189
2158,0.17337541639729692
1026,0.2202523779874409
361,0.21702613840924564
2821,0.032982953717795714
585,0.09356265861341033
60,0.3208292187506482
2820,0.09822441794086223
2139,0.09402977105331525
70,0.16252126515909499
947,0.25515139610980886
2824,0.0949542244850039
2632,0.09822441794086223
1738,0.1446404262430125
2825,0.09422971811116532
685,0.23713812682530824
2823,0.09822441794086223
2829,0.1
1297,0.15643093653739112
1295,0.11814201979496386
257,0.2052683558061465
2745,0.09387582580142595
2832,0.09764135799191065
948,0.7516376573448091
2834,0.09359182504275088
2830,0.09822441794086223
7454,-0.9483489866416142
949,0.0922726490904822
1027,0.21682457576324413
133,0.14417836932879888
2835,0.09764135799191065
1740,0.095915934916178
2164,0.1952827159838213
2163,0.09800332031306858
2836,0.09634840092556812
2828,0.029839086015081746
548,0.17334461765158982
2160,0.19044654250636633
2166,0.09590812149180655
1487,0.09467589491138774
2816,0.09574045551711081
2161,0.1906264075195477
485,0.15903989891166265
2826,0.09822441794086223
2837,0.09822441794086223
517,0.16749229655770584
64,0.19920337769091348
2168,0.09413737673463543
2827,0.1
2169,0.09771179033859279
7331,-0.0965609677722155
32,0.21972381211431824
2167,0.09481382872052925
5029,0
147,0.3777564730470864
1742,0.09663893126295735
2162,0.18966979732832284
1301,0.22233212521002993
2838,0.09688316674516337
371,0.12153269242971643
2839,0.09212536437879686
7457,-0.8662415652362789
170,0.2083167934935359
738,0.14822048880846214
946,0.05215033165664476
69,0.12729979587275936
686,0.11581827246748008
7592,-0.9502451289540867
1743,0.287114244361672
1303,0.4679591252137544
2165,0.19376633349032674
2840,0.09483489866416142
1296,0.4679591252137544
2170,0.19376633349032674
1304,0.15966370299977048
2154,0.1928694516402435
1302,0.16281019213005676
370,0.13845880936615995
2171,0.09582902424335044
2172,0.09218634913167029
2841,0.09483489866416142
798,0.010964831779417778
2842,0.09570474812055733
518,0.16103651859801155
1744,0.09463693841883954
1485,0.12761817274837814
1140,0.09355909211167764
1745,0.2893219744587321
1746,0.14417600819955065
634,0.1656779494094032
1300,0.2386860379475916
2153,0.09547085768605301
1739,0.29038450385902254
2174,0.09580069559293825
110,0.2041460845652043
453,0.16943646493049155
1305,0.15799666451410782
950,0.7860554414075436
2173,0.0955374372195076
2844,0.09822441794086223
347,0.12631296149112814
2175,0.09582289339148073
1741,0.09786606045990237
7579,-0.30398392859264123
1747,0.2900892753384118
1307,0.11684422565696807
2846,0.09822441794086223
2176,0.09696458303070979
1488,0.09386890421314006
1141,0.262594059998574
1029,0.11051654799751921
83,0.1580907874796295
2847,0.09778222268527491
799,0.13460491137250216
2845,0.09822441794086223
1272,0.15904112854899274
2141,0.09114736258759869
2849,0.09594537712050218
1749,0.09724689138556991
951,0.09395644803969865
7375,-0.02776581367686699
2850,0.09778222268527491
7577,-0.2304759018087375
687,0.1101037779083075
2848,0.09822441794086223
2652,0.09717436093448117
2853,0.09483489866416142
2594,0.09618704556934225
1308,0.11630232644833277
266,0.16042698715376988
2856,0.09618704556934225
2855,0.09688316674516337
2851,0.09618704556934225
1030,0.1313669762713997
1750,0.14533589520440315
633,0.4072679835852971
2860,0.0977859924909202
1142,0.2745054281534668
2861,0.09778222268527491
1751,0.1453083628349015
2863,0.09778222268527491
2854,0.09217708827355858
549,0.14049957917523073
2179,0.09429452779485371
1748,0.14348384243537304
29,0.18450942732192352
2862,0.09688316674516337
1309,0.1164543476020504
688,0.3167550226423191
143,0.18760593390468347
2864,0.09688316674516337
7,0.18881132790173272
2177,0.09800332031306858
2180,0.09274286823575023
2858,0.09822441794086223
2865,0.09140323950019627
1489,0.12646535105456644
486,0.3221191147771732
410,0.1983078282289314
737,0.3409723424367626
176,0.14304005273595477
1143,0.2078435383992098
7562,-0.24023805072983423
2866,0.09123999448419436
185,0.09964989342799364
1490,0.12575890633944833
362,0.09814808010293712
1486,0.18970020384897138
2867,0.09594537712050218
2859,0.09452996136907378
631,0.4067558577185663
7573,-0.928646478201197
1753,0.09370566952523685
52,0.18536738727915128
2181,0.09599030004385381
1311,0.23111530574800282
591,0.12867433932210356
2868,0.09443534869430048
875,0.20917155398005377
7534,-0.9146346695819862
2871,0.09594537712050218
1912,0.18653124154711187
2182,0.09552622137467756
2872,0.09217708827355858
2870,0.09822441794086223
1312,0.47972688560251087
2873,0.0927814679550247
2183,0.09686379990288854
1144,0.11605676153317956
2184,0.18249639378929156
2875,0.09594537712050218
635,0.17510823598583694
739,0.08193236141485684
582,0.39415650789327167
1754,0.09555793531368544
740,0.20362306089713691
2877,0.0984038829823882
2186,0.19189075424100435
1491,0.09472281486390449
2879,0.09594250706551703
2185,0.0970848975306822
1145,0.11093765712034509
1755,0.09340713177380572
198,0.20672415994134843
1031,0.166691508468892
2187,0.18695282537974814
204,0.17424810345051944
1313,0.1205405235436412
2878,0.0968666834584718
2880,0.0947356588499167
1314,0.09751155113155692
1316,0.49112208970431115
1315,0.2427470193292144
2188,0.09398942639645551
25,0.17900439906564714
1492,0.12903389823263303
1752,0.14076617705810646
2883,0.0947356588499167
2884,0.09594537712050218
329,0.19190097940578044
2190,0.18923224484867962
638,0.20094938528388936
1493,0.12756232468202736
2189,0.0978872414535707
2885,0.09977863391750219
2787,0.09461612242433981
259,0.12664005268718917
1317,0.11841257134675892
2191,0.09317680237694662
7566,-0.6724468074794452
1756,0.2842069765497501
1757,0.1434022199273721
258,0.12587183321185894
1032,0.08386371512456488
1318,0.12153035070722693
161,0.12753910714023833
1146,0.14208045237617073
2887,0.09594250706551703
2886,0.09408249697130418
2876,0.09822441794086223
519,0.10179417429751865
2881,0.09822441794086223
2882,0.09712117242917857
2888,0.09881262367347234
2192,0.1824799889683887
2193,0.09737199302903299
487,0.07992718889594903
276,0.3583096654840049
2874,0.09778222268527491
1319,0.4608854413677929
2194,0.09297771163125965
639,0.11249650889140823
1495,0.12507214537955583
1758,0.09660850379370693
2195,0.18816499394260836
800,0.18937173545844796
1494,0.12598104300366075
1759,0.14227101258117178
2196,0.09622444094257648
5140,-0.0004450504527219318
171,0.21929720578957945
1033,0.12871617364898233
2197,0.09471378060989681
1034,0.09445739942417429
2889,0.09123999448419436
2869,0.09123999448419436
7397,-0.058993819494358925
7593,-0.793914193031774
13,0.207316135489603
2892,0.09822441794086223
2178,0.09734676126784442
2894,0.09687151396907459
636,0.22478821173889843
1496,0.19286665931053804
2857,0.0925780228278341
637,0.17851595688919855
2896,0.09408249697130418
2893,0.09408249697130418
1760,0.025579794510417735
190,0.13667981361129417
1497,0.12707004955466564
2897,0.09964806896148165
1761,0.14271000186358182
2198,0.0970848975306822
7332,-0.0927758981106372
1147,0.0955467734915873
1498,0.12870506828227668
1148,0.09661071301121692
2199,0.09509839282295338
1035,0.13273750377176963
1320,0.12032190866834316
1500,0.09745374886735209
955,0.10867943467842409
2899,0.09625164232797129
7403,-0.07470934227077691
2201,0.18887069738860096
2898,0.09822441794086223
2901,0.09326562077355594
1762,0.05937586019277258
2200,0.18745536210216024
592,0.13190756324767744
1766,0.09669350519919524
7512,-0.07194783763585655
1767,0.14263098928167128
2702,0.09646910459482662
92,0.1438062142346968
2905,0.09564282070963034
1502,0.07761183900477017
1149,0.09594334914008844
1764,0.09438881699928738
957,0.24037601067615935
550,0.14225423382556907
454,0.1299075782067544
2902,0.09408249697130418
2895,0.09646300925564862
7504,-0.2899098910429449
318,0.1597767730279397
958,0.08543963426089685
2904,0.09822441794086223
1150,0.11304763250528131
2906,0.09483489866416142
7376,-0.19263356779887686
391,0.13958459996059988
2205,0.16050719569596367
2204,0.09578443495437333
80,0.22030956420003192
2910,0.09586442631613394
1503,0.3837815084820087
690,0.1548535448396222
7600,-0.3830437793011762
2911,0.09646910459482662
2908,0.09646910459482662
1501,0.12689960303411416
520,0.24455866658626635
2912,0.0965834597783473
741,0.17425224273125994
2909,0.09822441794086223
2913,0.09744872409725387
2914,0.09483489866416142
1769,0.0930870877286939
2203,0.1866981908969752
2206,0.0947677420134071
177,0.0381928424097243
2915,0.09140323950019627
2907,0.09822441794086223
319,0.150756686764256
802,0.30786599595909325
350,0.14206698400387488
2917,0.09594537712050218
2916,0.09301624337163339
2207,0.09632090111665306
2918,0.09140323950019627
267,0.26577039445836226
2782,0.09822441794086223
2919,0.09578720180491745
839,0.16683460501523228
85,0.09849996344591076
489,0.22092139401238944
1504,0.18394420785200782
803,0.1570474456942134
1322,0.043693077557389735
2922,0.09123999448419436
1505,0.12852771816479763
1134,0.11291498370736178
551,0.2619758610537465
1986,0.09378639467185942
348,0.1708047339435297
2209,0.09335398839836034
1770,0.1418157150219193
1765,0.13916798154394788
1707,0.2844442880033466
2923,0.09123999448419436
673,0.27569532885009185
103,0.1545152281535321
43,0.1481752317551166
2924,0.09143399038768474
7425,-0.2543499766277946
2210,0.09385454953951049
392,0.19645673539593042
2925,0.09269601095736206
689,0.1417917344908957
1324,0.09458828484087627
1773,0.2737445906839373
301,0.27863799392524874
2920,0.09822441794086223
2202,0.15755016635380428
805,0.9219924111567389
2208,0.094570561841938
2211,0.1824799889683887
691,0.37261585273445313
285,0.17547221083066747
1325,0.1569650492668758
806,0.9330638569820014
2928,0.09079828411959384
2929,0.09568320398318747
393,0.11361565255194306
804,0.13363590121562247
2212,0.09706364885083299
7389,-0.0051155457789136315
7410,-0.09656650710420595
7588,-0.25490197254452984
2930,0.09423922644535397
1326,0.11950587060600353
1020,0.13069070937348912
2931,0.09646910459482662
2213,0.09345098635010553
7583,-0.48295720811173715
2932,0.0968666834584718
521,0.24916256978718318
1328,0.06382951441114343
2679,0.09143399038768474
2933,0.09646910459482662
1774,0.09389502131280857
7411,-0.08320986915522936
1723,0.273660755413306
2934,0.09687151396907459
1507,0.19114664496078587
2215,0.09284896994957911
2935,0.09143399038768474
2927,0.09822441794086223
428,0.35159972049086596
2900,0.09711050001954971
2216,0.09600987679079115
7442,-0.2050312694489566
184,0.19177946541178634
2936,0.09070249748068847
71,0.36291943621186623
123,0.17293664981680168
2217,0.09481382872052925
743,0.17107419327288773
1508,0.09526246549808144
1509,0.09295357699184827
306,0.19587974706033923
742,0.3429761458804652
787,0.13452473194658196
8,0.2349151551973064
1510,0.194419479924043
427,0.19538570133609154
2220,0.18435417654711717
2937,0.09326562077355594
2940,0.09531473756238704
1153,0.1857931593395125
2223,0.09321599396741524
552,0.19938074593380842
2219,0.09654171762761056
2822,0.09395481676918799
189,0.2374818160002761
2222,0.19000503399113064
2939,0.09687151396907459
1775,0.12595521759807998
390,0.280649311609465
745,0.34602707674073585
7416,-0.17495650517105252
490,0.1422108620045173
1512,0.18705471449064476
260,0.11713375491728148
2577,0.09483489866416142
2944,0.09423922644535397
2943,0.09217708827355858
2221,0.19707256490725622
2224,0.09521609145855534
941,0.0381674800600255
1513,0.12572983745779756
1506,0.18813915495774425
1037,0.3268986085182698
372,0.18077546319638682
1778,0.09551041122256117
2226,0.19374302793814918
1155,0.18688729100535353
2938,0.09225795693871264
2926,0.09822441794086223
1329,0.49268141226814055
2942,0.09822441794086223
286,0.198504426358562
166,0.10680968872763387
411,0.1339561209943551
522,0.13545127198405368
1156,0.09303886825863449
2945,0.09822441794086223
1771,0.13398611756857554
2949,0.09568320398318747
62,0.1913993836745768
2948,0.08819296180403488
2951,0.09199667509780349
2950,0.09423922644535397
801,0.04598470261809959
1779,0.09380632924596516
2947,0.09822441794086223
2941,0.09822441794086223
134,0.2778355985403483
491,0.04416375235983224
455,0.2092407770231108
2955,0.09315244645890525
684,0.1399035643632181
1511,0.1277804302284806
2954,0.09423922644535397
2956,0.09528774302170989
2957,0.09461612242433981
1038,0.1108928392203532
1780,0.1431140658697193
7458,-0.9618865822749798
7377,-0.05988244291840215
2228,0.18745536210216024
2952,0.09822441794086223
1039,0.13214424553472673
7333,-0.09568320398318747
2958,0.09143399038768474
1327,0.09295477059169029
2890,0.09568320398318747
2960,0.09201294228886601
807,0.11522049724162561
530,0.14192323695557815
2959,0.09538979012942657
2961,0.09372768105108012
693,0.14135169660927802
553,0.09607020709817203
2963,0.09143399038768474
746,0.5229906787615654
330,0.1369403767355315
1321,0.1184036273861572
1298,0.095704097116167
961,0.12348631825121693
1777,0.09119204514075963
1158,0.275165488566671
1330,0.479140962435577
956,0.2445672981237567
1772,0.1432385054656183
2962,0.09822441794086223
2231,0.09429589335998537
1152,0.13987464491460996
2946,0.09143399038768474
5342,0.026784614606239945
694,0.14146905281885352
7404,-0.4635361519023025
2230,0.09669128688464235
2965,0.0927413244426363
954,0.12620378136100344
41,0.18064192858627554
488,0.2533753377874011
2852,0.09495703590993726
2218,0.09235326311362888
7553,-0.12530691073819064
593,0.12073471926432511
747,0.10565674626664905
2964,0.09812167828924052
2966,0.09822441794086223
2759,0.09349029237241467
30,0.17679610310110852
213,0.5510496188082883
295,0.10556330142850831
1331,0.09555355144816853
695,0.11316514485379418
1161,0.18982095787244746
151,0.20524945404019707
2232,0.18966979732832284
412,0.10799000542584816
1783,0.09476408260672463
1160,0.1868132698801858
205,0.13562627671434413
1162,0.06949192877664853
241,0.12913868230296874
2233,0.183750131430938
2969,0.09414952914559332
1154,0.1151256178271621
618,0.5853716206227579
1306,0.46863840525540057
7441,-0.8265300004806702
1784,0.09268781289015852
1516,0.12746668907596956
1786,0.14043036443562185
1785,0.09376113997620102
2229,0.09446012812755149
2234,0.09565231632134913
1517,0.06289663115422096
172,0.1367670966669798
349,0.27747001821643735
2972,0.08719844687225041
5389,0.004105795270182999
1776,0.09497498387817159
2974,0.09567379667158316
278,0.1647378575106221
2967,0.09483489866416142
1332,0.12020089849707533
1514,0.1846163901581053
2973,0.0936830543068296
261,0.7196587742994901
2235,0.0983370756631732
178,0.1356294142469235
2634,0.0925780228278341
1333,0.15614101211547024
621,0.20135922023985256
2971,0.09457056975126597
1299,0.46289011413917047
2976,0.09560639109391178
2975,0.0973012960502179
2053,0.09592499614348132
2238,0.09382330531323663
1164,0.11410088838647889
2240,0.1854826488852726
320,0.15923239073515635
136,0.15928150858161066
876,0.07816197587963093
2241,0.095770872782139
1040,0.13331939451348984
2843,0.09386612121705723
394,0.38634285653568723
2979,0.09709842483905717
456,0.1565517027428051
2980,0.09466665919987804
1159,0.1375041826946815
2982,0.09920867324279244
952,0.24190916239475077
220,0.28795881593640205
959,0.24182270616678211
5392,0.0015376633782280616
878,0.16707300743833747
1042,0.6138797430826092
1334,0.46767907054483165
2981,0.09123999448419436
7482,-0.24909574781572935
1041,0.11058252649765775
2245,0.09747595760007813
2983,0.09420533690733338
1781,0.09626111402638698
2977,0.09212194800733754
268,0.1919320509615434
1337,0.09491689476550372
2985,0.0939179080277834
2921,0.09315244645890525
1163,0.2751972976904464
1336,0.093498541917503
2246,0.1854826488852726
2970,0.08719844687225041
5415,0
2987,0.09123999448419436
2242,0.19073145973064623
1789,0.1373264953059431
2239,0.1877516516028519
960,0.09428646658004783
7500,-0.3611453355291763
1339,0.11913246085594273
594,0.26439282046562645
2988,0.09143399038768474
1790,0.1363813656889876
1157,0.11247028275630111
2247,0.09439341889522526
2984,0.09330638569820016
1165,0.1858323625103854
1520,0.3928976717634489
640,0.20016249871854552
2992,0.0932246434424691
1043,0.07333525850188148
1782,0.273719983452583
554,0.30773628251298063
2831,0.09477052345835635
7527,-0.5782062017074385
2994,0.09649737753415315
2248,0.09797598052721619
2989,0.09822441794086223
2995,0.0927413244426363
2996,0.09822441794086223
1791,0.2824485874367799
808,0.9457056975126596
1792,0.09139144040565628
1340,0.12020825108435934
3000,0.09822441794086223
2999,0.09822441794086223
523,0.1486000212436122
1310,0.15195215710698542
2997,0.09443534869430048
1793,0.09656404618350035
3003,0.09143399038768474
696,0.1423075870518145
1788,0.09489526303908502
1787,0.1431600183715198
214,0.1516274918200475
1166,0.11482270576238089
2986,0.09461612242433981
1795,0.09408505334792551
2250,0.18923224484867962
697,0.12531122411102727
1796,0.09409651609052815
2251,0.09423935578841391
2237,0.09390995449159446
3007,0.09600675429457997
698,0.18264296294950313
7513,-0.28396133331051926
2252,0.09754555069966701
2236,0.18816344773131233
3005,0.0862060329046831
1167,0.11504258704254763
3006,0.09822441794086223
810,0.15546658982216896
116,0.12998848922767617
1046,0.16673137659861798
7426,-0.23971784298795962
7535,-0.5024483962641598
7505,-0.3654647072410692
7483,-0.29817677158400524
7378,-0.09794627395068171
3012,0.09373764106752362
2090,0.09803279362574449
879,0.1404435127123355
3010,0.09822441794086223
3014,0.09461612242433981
7460,-0.8739369937039302
7484,-0.246115638692246
7417,-0.2097697391411617
7506,-0.32392274675190885
2253,0.09391323031494986
27,0.19933891962738318
962,0.12730648656215623
3015,0.09625769858419864
46,0.2249935391793728
7501,-0.3639168495409885
3,0.22377711801712374
1515,0.36573596155073895
3011,0.09123999448419436
1338,0.47431636971839575
95,0.09461855241857625
68,0.22540380433794246
3016,0.09143399038768474
3017,0.08882717538911039
179,0.17373243851204628
3008,0.09748642230621764
1518,0.18585967683936577
1047,0.32657492605756655
7536,-0.3861172582389097
7517,-0.3086210320660146
5533,-0.17784747737158732
3019,0.09123999448419436
811,0.5195011563886601
1799,0.28955776469475775
3018,0.09315244645890525
595,0.21235665307496485
3004,0.09822441794086223
7548,-0.649305974450376
1797,0.14098678464565795
1028,0.6875709255860356
7537,-0.9106980840691417
2244,0.09311234845938034
395,0.11729958041322813
3020,0.09822441794086223
3022,0.09143399038768474
1523,0.12636448322923366
162,0.17109081746728969
964,0.12781220570124277
2258,0.09612234957300347
3024,0.09015298047257914
2255,0.09508016336376907
1794,0.05754706511072333
3025,0.09598700056180831
641,0.07500905410716079
124,0.10315545764374326
7528,-0.4218516643012369
749,0.34269750208698957
112,0.2810864441726923
1048,0.16308353821124513
1802,0.14241970711402469
2257,0.036540422570736385
880,0.8880416864494824
699,0.26952170024471694
1522,0.09217063537792025
1803,0.13828182976467845
7427,-0.212429992382824
596,0.1314798119443161
228,0.1615286965509899
3029,0.09015298047257914
3028,0.09315244645890525
2259,0.19386460488792923
7590,-0.6592717773928233
3023,0.09822441794086223
296,0.14057041762354813
1804,0.09606315117720364
1168,0.2785262433326253
2261,0.09724105826253043
7336,-0.029409287772116505
2262,0.18030596094515827
813,0.08155276072941214
3030,0.09784116931062674
373,0.13877096522058158
331,0.14456778787217187
3026,0.09822441794086223
3027,0.09822441794086223
2254,0.0842726746940651
1342,0.09372342745052528
1044,0.33207668098317394
1806,0.2743019711630542
3031,0.09023168352191346
1407,0.18954060136855888
1524,0.09388144105909821
7529,-0.5892604874087427
1805,0.14324416516688243
642,0.1995410593509459
1170,0.2816403233125382
3036,0.09337990123853432
3035,0.09841520108772986
3038,0.09337990123853432
2260,0.19644883588172446
279,0.16498398137616738
1807,0.09326352676510404
750,0.24907119605161293
3037,0.09337990123853432
1525,0.09253997824267587
2264,0.18794586633073523
2256,0.17439689374450082
3032,0.09625769858419864
1528,0.09564733025046188
3041,0.09337990123853432
73,0.1469499442028121
332,0.1339073299969895
3040,0.09229619746106431
3039,0.09337990123853432
2263,0.0908185487673778
700,0.1259868804708986
2266,0.09495261911727264
2267,0.09481879991136648
748,0.060671683400121135
881,0.16953032743267865
1530,0.1281276482652807
812,0.13456525415292023
1171,0.1370184337043343
1527,0.1880458046986596
877,0.13938080493255997
2990,0.09598700056180831
287,0.16223172839577493
1531,0.12534942629317025
7586,-0.7188706497219405
7428,-0.16094352006497128
2270,0.09481879991136648
2269,0.09547441307063961
3043,0.09466665919987804
1274,0.11941085578131728
7538,-0.8721971149540655
882,0.0918821955932508
2265,0.18834561980243286
1526,0.12372536014218803
2268,0.09449823967855335
7595,-0.11363354271251194
2271,0.0976624687206538
3046,0.09337990123853432
1335,0.09576268828710457
2272,0.09320533952838889
221,0.3989365960736095
1808,0.0957280857712944
1809,0.13940524392044326
7337,-0.09229619746106431
7549,-0.6539220346530293
1049,0.16417388187559268
3050,0.09337990123853432
1172,0.2844563997340994
5660,0
2274,0.09676606096104404
1173,0.09368164794623386
36,0.1872589371496661
7338,-0.09677196271978417
1631,0.28467282419875045
966,0.10809291195430455
396,0.13999610115631697
3048,0.09822441794086223
3054,0.09337990123853432
3051,0.09337990123853432
1345,0.48466912350788943
3055,0.09764936109008616
7334,-0.173508280984654
1499,0.3649599779367774
3049,0.09486327394367916
7539,-0.9029760318843627
3052,0.09123999448419436
3056,0.09337990123853432
2276,0.09422805073138785
2273,0.09750943721148242
3001,0.09330638569820016
53,0.20355440891261808
2113,0.19644883588172446
1169,0.2737089661268226
1347,0.15633926390885386
7540,-0.4519966015258095
3047,0.09337990123853432
1323,0.2260710777879041
3057,0.09822441794086223
1532,0.18819870114990078
751,0.14865719166097005
280,0.13376276515279473
7462,-0.8776055919696829
3061,0.09337990123853432
5679,0.009951219833782948
1051,0.1096266805563834
3060,0.09337990123853432
3059,0.09822441794086223
701,0.09338431568120582
7443,-0.39918527001487747
1810,0.28013970371560293
3053,0.09372768105108012
1052,0.21885773256107044
61,0.2030908034727175
3063,0.09625769858419864
7555,-0.7795643863714865
2227,0.19644883588172446
2998,0.09621192128614653
7556,-0.39451670925068405
3062,0.09822441794086223
967,0.10463019454708238
3065,0.09625769858419864
1346,0.09092761019100923
2278,0.09481879991136648
3067,0.09176135894676034
1812,0.09497563139432652
1811,0.07480368742129664
2279,0.09481879991136648
3064,0.09822441794086223
1053,0.1326624069973342
222,0.1261664812305022
1348,0.09466034353455975
2282,0.19644883588172446
1054,0.1647945905978439
3069,0.09677196271978417
5446,0.00011372738981453578
2275,0.18675980247706864
1535,0.09331955144918905
3044,0.09483489866416142
3070,0.09822441794086223
3071,0.09466665919987804
2281,0.0974981903303232
3072,0.09337990123853432
3073,0.09337990123853432
2285,0.096758399278943
7339,-0.0931697031865728
1349,0.09591112868843096
3076,0.09337990123853432
1814,0.14309758341953277
3077,0.09561657811857238
3045,0.09337990123853432
809,0.46624057889515313
1801,0.2887730957525959
3075,0.09337990123853432
1813,0.0947619245724511
199,0.14140946161926293
2290,0.09412158759110674
883,0.10704763368497161
3080,0.08719844687225041
1536,0.12720167641006816
3078,0.09822441794086223
814,0.9015298047257914
3042,0.09822441794086223
2292,0.09599355738705487
457,0.16973161788766594
3082,0.09466665919987804
3079,0.08955606188700621
3068,0.09822441794086223
2295,0.18972654788735832
333,0.18106465430174384
752,0.102856439384307
1820,0.09174540593734108
3034,0.09645924975174307
2294,0.19273950473751186
2291,0.18972654788735832
963,0.679617860650588
7461,-0.8955606188700621
1821,0.09431827003317637
227,0.22046201417509287
7464,-0.9435960073917651
2297,0.09257504393790669
3074,0.08955606188700621
3086,0.09229619746106431
3087,0.09486327394367916
2298,0.09649247611645984
3085,0.09561657811857238
3084,0.09822441794086223
2300,0.18972654788735832
1819,0.13669197950034828
492,0.15889923920024054
3089,0.09337990123853432
1537,0.09410727864205122
3090,0.09601376389213664
2299,0.09369017058279214
7551,-0.3827503199091843
703,0.09875226552965163
1351,0.09161091405823227
3092,0.09410873919110332
3088,0.09822441794086223
2794,0.09807240347750473
524,0.487206590919639
2249,0.19644883588172446
1538,0.12787324680778575
493,0.13695254275276425
7429,-0.3774692317618714
2301,0.09326464442222046
3094,0.09564282070963034
7463,-0.8922137270604662
753,0.2548813497535603
3083,0.09822441794086223
56,0.2888241344775055
2302,0.09398823096064815
1539,0.17771556047933812
3093,0.09561657811857238
754,0.06553991228689955
3095,0.0823265545978806
1815,0.09643851178403913
3097,0.09636352340105583
3002,0.09123999448419436
1533,0.1881274198372249
1823,0.2741908917903359
3066,0.09410873919110332
815,0.09331838183486887
885,0.08431465990196414
1056,0.16585999136641957
2280,0.03970793932997744
2303,0.19251539716839727
755,0.5044164566223994
1825,0.14391315324038992
884,0.20979659873302733
3096,0.09410873919110332
3098,0.09561657811857238
7430,-0.23024490048350543
3100,0.08719844687225041
1540,0.12554032230549436
7418,-0.2873667030189643
3102,0.09625769858419864
127,0.2391244229489292
2289,0.09052612416825798
7340,-0.04668868237184383
1826,0.05877308891650479
3101,0.09822441794086223
886,0.14123126272553224
2304,0.09230184678712877
2306,0.18972654788735832
2286,0.09560717455778611
1534,0.3735196049541373
968,0.7531962331647466
2284,0.18675980247706864
3104,0.09561657811857238
2978,0.09420533690733338
3081,0.09561657811857238
3103,0.09822441794086223
2305,0.09700580987288984
7530,-0.5592209284010073
1822,0.09733276311514942
3099,0.09015298047257914
1824,0.2845898218310374
816,0.3038606863491751
2308,0.0947649665717786
2310,0.09475880215950865
3106,0.09065473663074343
2277,0.18675980247706864
3107,0.09276332789801461
2307,0.1824799889683887
1827,0.2887730957525959
1798,0.14550130344196105
7594,-0.6869528872261423
1352,0.15534998452505525
1343,0.11977390579418234
1354,0.2376916703587763
1178,0.1840737211955953
3013,0.09822441794086223
643,0.1315327571060181
1828,0.09304981994322863
3111,0.09822441794086223
3112,0.09410873919110332
3110,0.09772704641665442
7581,-0.5809301869864395
969,0.10503416491320484
3108,0.09483489866416142
2243,0.18675980247706864
288,0.07732271491439045
2311,0.09314863216568195
597,0.11082863473217436
3105,0.09486327394367916
3115,0.0849522325813235
3114,0.09153831258824024
2309,0.18955940536029436
1057,0.32794621481540714
3113,0.09822441794086223
244,0.1017128529321639
3116,0.09315244645890525
1543,0.18348738553460991
5837,0
7465,-1.0
1604,0.2664815261673311
7584,-0.5507901810621145
1832,0.1381753522054931
7406,-0.10340084742523492
1050,0.33052584997627754
243,0.606578475293557
1830,0.09474449994883737
1355,0.16349927858789823
3117,0.09143399038768474
1833,0.09403339310805048
1459,0.09440516917831537
334,0.2886871084385575
1545,0.37945309577471664
2313,0.18966979732832284
3109,0.0888551422500959
3119,0.09337990123853432
1542,0.1264519975676059
3118,0.09822441794086223
1546,0.3764349567644133
2991,0.09269601095736206
1180,0.113384200693555
3033,0.09578720180491745
1344,0.4442757112504795
3121,0.09015298047257914
1341,0.2277425123140483
7405,-0.4151809174530842
7407,-0.4151809174530842
3122,0.09461612242433981
2214,0.1873069603854885
1835,0.09484056075740871
2296,0.19644883588172446
3125,0.09143399038768474
3120,0.091484782464895
1836,0.14058408343074483
2314,0.09482449988663172
1834,0.14300698878933438
3127,0.09486327394367916
7432,-0.22798383053075066
3124,0.09822441794086223
1356,0.15793175553445263
1058,0.33512201324265717
125,0.09312753523729307
173,0.12532960916708696
1837,0.09477012726568039
2315,0.0965438459422707
174,0.14581083309555481
2718,0.09625769858419864
1548,0.1862972643313639
3131,0.09315244645890525
374,0.17062675341959532
3130,0.09561657811857238
1357,0.23970564552166423
1179,0.09368188952673251
7574,-0.8891438230752199
1177,0.26909758635822234
1350,0.23636119322786187
242,0.17001661252281822
3135,0.09461612242433981
3136,0.08955606188700621
2317,0.1877516516028519
2225,0.014720387574331556
2319,0.17911212377401242
3137,0.09579873679423141
3123,0.09561657811857238
2321,0.18972654788735832
3134,0.03297684685190513
525,0.19516286638787342
2320,0.09493242551894386
1541,0.1243047107511262
3138,0.08955606188700621
7554,-0.5385045271849238
351,0.16200874143950061
430,0.24224537563138968
120,0.22339280684943208
1036,0.21818511759216996
7431,-0.2480063486631802
2322,0.17911212377401242
971,0.2563361702318661
3133,0.021639972094679577
1055,0.18954812550152414
1181,0.28315052898356763
1045,0.1297420598449897
1176,0.08240984800509286
1061,0.16711242445129976
1954,0.09647586058955726
1060,0.11188130830843242
1360,0.11750432499021943
206,0.18500267480946453
1062,0.21365964804926274
756,0.5264383654980527
1059,0.09041333989410594
2326,0.18821747838220665
3058,0.09423539649369775
2288,0.18675980247706864
2327,0.17911212377401242
1361,0.15728366916034867
3126,0.09561657811857238
431,0.11894512411696587
1818,0.2845898218310374
269,0.16287754228455462
2329,0.18196205366291654
3144,0.09337990123853432
3145,0.09123999448419436
1151,0.547439966905166
2323,0.19057858872049316
1800,0.28118304315324033
2324,0.09610913003487746
2330,0.09316107482273903
598,0.18803148202713107
3142,0.09822441794086223
3146,0.09677196271978417
2331,0.09311341735724421
1553,0.09482687129781597
3151,0.09574496386066361
1547,0.37945309577471664
3143,0.09822441794086223
1182,0.14359061873567602
1359,0.15499116707788949
1552,0.18331526247293634
3148,0.09822441794086223
1839,0.14397548291411028
1550,0.12508150744439347
1183,0.5419220143541664
3152,0.09114900354082162
3150,0.09561657811857238
3141,0.09822441794086223
1521,0.19249647511979576
3149,0.09822441794086223
1549,0.12682474067084995
1829,0.27950910955971836
599,0.10957665831103343
2328,0.09342997452074132
1840,0.09304451286684029
1555,0.18934928051107036
7390,-0.017042877321452668
458,0.17983189393001592
3147,0.0921554232285522
3154,0.09486327394367916
6014,0
114,0.16687170763348877
1362,0.23715568137483217
3156,0.09822441794086223
645,0.06867679482238094
817,0.1417990896446837
3158,0.09410873919110332
1184,0.11137842402074363
965,0.25216149175623376
3157,0.09727928402290076
2334,0.0965438459422707
2332,0.09313011893689557
3160,0.0971749742024085
1529,0.3735196049541373
818,0.22809799863660998
2337,0.18552665579602923
3132,0.09486327394367916
2283,0.18675980247706864
3155,0.09410873919110332
3161,0.09561657811857238
1831,0.0966686322324472
104,0.16351333363008155
2338,0.0961543696210542
49,0.18571495436203792
2339,0.18751057121951156
3162,0.09491474752879198
93,0.18133405092105956
2336,0.01732083823736201
207,0.19213010495819632
1519,0.12417487375836007
973,0.19403903902409567
3164,0.08719844687225041
2316,0.19233928383815888
2341,0.19256900185222434
2340,0.09369162623494737
555,0.23599104947542013
7419,-0.32938220696926107
3168,0.09511466678982272
1175,0.14234458011085654
1842,0.14406643345543502
7604,-0.8192193336428452
459,0.1536923187299006
3165,0.0971749742024085
2078,0.09523204999007398
7599,-0.6269127222487686
7602,-0.8214153077031042
7341,-0.002081136362664826
7601,-0.7366421569128461
7598,-0.6269325776039958
3171,0.0926749856887245
3166,0.09276332789801461
3159,0.09315244645890525
953,0.18436030855462415
646,0.2996295863272047
3167,0.09822441794086223
3169,0.09692715590115265
1186,0.0940133908146653
1363,0.11925394743582426
245,0.13304150991006541
1844,0.137530478051543
1556,0.12726075785185217
3163,0.09822441794086223
757,0.14602787487473454
3139,0.09822441794086223
2343,0.194349948404817
1843,0.09604894954130394
7509,-0.13492417282150046
262,0.19913200722929844
2342,0.0964826500770547
3179,0.0931697031865728
3178,0.09625769858419864
2345,0.1944128811511826
3173,0.09822441794086223
974,0.1531955963663229
3182,0.09652533699601096
3181,0.09486327394367916
2346,0.18972654788735832
977,0.7457971475397528
861,0.8382962342208669
81,0.19188319651308772
3180,0.09337990123853432
556,0.675665829377277
1364,0.23220319642587847
889,0.8373546245947527
3184,0.1
3174,0.09625769858419864
976,0.1911530132662998
1845,0.255795908690087
1557,0.12676570434337048
6157,0
96,0.1564708883205579
3175,0.09225257181067587
1188,0.19286240290755988
702,0.11460054764001879
433,0.14683983539893627
819,0.6835660666306621
887,0.269881059125135
3177,0.09123999448419436
6131,0
115,0.13899106283238596
2347,0.18985442176016454
1559,0.12716273509432358
1558,0.1893370715661418
3186,0.09561657811857238
704,0.16129520064480132
975,0.12371797334030825
600,0.6041591031258056
307,0.3152102444950589
3190,0.09101506809496485
557,0.15398282658746232
1187,0.09629266391760816
229,0.20649792181344762
1367,0.09710502001952626
820,0.9774126141808581
3191,0.08719844687225041
289,0.16048733488805572
7467,-0.9713701516899556
1849,0.2845898218310374
34,0.2094481764515957
2350,0.09394968241381813
461,0.8183772611235163
434,0.23968749541129825
648,0.22177581721141298
647,0.17229431151127472
821,0.23617755751678196
3200,0.09486327394367916
3201,0.09314402602454076
1358,0.15935181466539486
888,0.21108682937149156
1063,0.10984350629892324
2348,0.18229800708164323
58,0.13708897999964934
3203,0.09486327394367916
3199,0.0974339390424468
7541,-0.9673756843704933
3170,0.09723693292914475
890,0.10813852249439972
705,0.12920230489870502
3198,0.09486327394367916
1847,0.09545858971432497
1016,0.15707309919327023
644,0.3221942899307884
3204,0.09631319526520984
1851,0.09601496978087637
3207,0.0966568813088357
3205,0.09770836234919376
1366,0.1601146999642862
2349,0.18540778142783565
2352,0.09616657856598278
7525,-0.12079856499904001
1841,0.1374242789199831
1560,0.09424356061595301
2351,0.09797723291638216
3208,0.0939179080277834
3202,0.09822441794086223
3176,0.09410873919110332
1365,0.15569115597606448
3193,0.09822441794086223
7514,-0.16198516102461635
1174,0.2833417268343871
2318,0.09547161704057719
1838,0.09748040797249787
3189,0.09822441794086223
1852,0.29061454190722374
3194,0.09423922644535397
3212,0.09513495840355346
1817,0.28013970371560293
3209,0.0982138005136594
3210,0.09822441794086223
1562,0.09400479682389835
6166,0
3153,0.09601376389213664
6257,0
1064,0.13062865104135093
2355,0.09433459779939045
6290,0
1190,0.1142930212494648
3211,0.09822441794086223
2356,0.09106568486845266
2333,0.08988830149126657
2353,0.18972654788735832
3217,0.1
3218,0.0942334431743293
1850,0.2770338644468444
3192,0.09410873919110332
1853,0.09444040200861019
2358,0.09618269450047073
2993,0.09234462148228148
1564,0.18770824316378482
1565,0.39137543970789673
3221,0.09486327394367916
1854,0.1383091856650482
1544,0.09605829508700443
1855,0.09438223705870406
6317,0
3222,0.09410873919110332
2357,0.09704106124165442
6123,0
3140,0.09719729205414973
1567,0.37105331159205845
5,0.2517739969838675
3224,0.09140323950019627
7434,-0.25139824160199825
972,0.19064097138852154
2335,0.09218270897085686
246,0.24987244690404953
3226,0.0942334431743293
1568,0.09403455332654502
1856,0.058320638632293774
979,0.14390645938027738
12,0.1930909821494776
3225,0.09749361917787351
3215,0.09822441794086223
3197,0.09301680354374833
706,0.11276318054693564
208,0.24657924197593853
3213,0.09673646743710196
1848,0.14548584970971534
1961,0.18794586633073523
1185,0.14164752729647917
3021,0.0966246961633846
1569,0.19116567515932167
413,0.1569690311714401
247,0.1656248094559668
7444,-0.09293532932680353
3227,0.09630365008807101
1067,0.31632534785380023
2657,0.09225257181067587
6369,0.03192664149018108
3229,0.09410873919110332
3223,0.09029373832103271
3230,0.08992432960873595
1572,0.36610140852059514
823,0.9225257181067585
2363,0.08943836416715188
1573,0.12932002187397892
308,0.22321111068279362
3231,0.0866241565236279
1566,0.1877393320161076
1857,0.14613352265545912
3220,0.09673646743710196
1563,0.3932357359545038
1575,0.18260431700592306
1372,0.11598307657818085
1574,0.09463360333706673
2364,0.09463818953397354
3232,0.09628742969131043
1373,0.2251410887470501
891,0.16986124354036153
494,0.157381551382645
435,0.15976514704148287
893,0.20791202617625942
3235,0.09270723038046051
3172,0.09715608921861058
1191,0.09469294243439418
3233,0.09822441794086223
892,0.27482663763515075
1571,0.1877393320161076
1570,0.09507599414465581
3236,0.0866241565236279
7515,-0.698680471234872
2903,0.09486327394367916
191,0.17272596916566005
3238,0.09039414693288134
3234,0.09628742969131043
1189,0.26854145983109495
290,0.12050595595024081
2366,0.19123315623714476
3239,0.09645924975174307
144,0.28074157116119114
3242,0.09889664182492487
3241,0.09337990123853432
3243,0.09601376389213664
7433,-0.2261241384356769
1561,0.1250857607345551
7578,-0.5024185571719096
2359,0.1944343932870438
3244,0.09689510731587246
1859,0.09236883375198811
3245,0.09822441794086223
3246,0.0931697031865728
692,0.35398938953366743
1763,0.27653126482067575
1065,0.09441784837208526
2368,0.09625465718221168
163,0.13883710484429487
3249,0.09601376389213664
3248,0.09750055066974338
3129,0.030061934508303318
335,0.2571288221735568
3247,0.09822441794086223
1371,0.4705436959555166
3250,0.09689510731587246
1860,0.09678070978021214
7380,-0.014352864682097193
824,0.07946757486314994
2369,0.022542398906088373
3252,0.09601376389213664
1576,0.18878118197146254
1192,0.11108553297373058
2370,0.09628624058792876
760,0.3949371779054982
978,0.8
1193,0.5562001837878445
6434,0
7342,-0.0926749856887245
3251,0.09673646743710196
2371,0.09402035726685185
1861,0.14276732351832727
825,0.11777257818086842
3257,0.09393197534260035
3258,0.09621788091740413
3219,0.09621788091740413
1376,0.09262621617997659
3253,0.09822441794086223
59,0.25415742682851644
19,0.2061551399822228
248,0.201974121098708
2372,0.09324503720986811
1068,0.09080851882816557
1375,0.15401570047290694
2367,0.19644883588172446
2650,0.09240575311849007
3254,0.01819202107091582
980,0.12317284967167219
3260,0.09486327394367916
3185,0.0923335334861084
336,0.177927138363025
1377,0.23105823657192315
758,0.2535706158755696
1862,0.14522734492927797
981,0.1868272689084189
3255,0.09508482442783642
3263,0.09818376044270652
1066,0.13628430803602848
1846,0.09725544181169532
1864,0.09496968195389206
3265,0.09715752634161295
3259,0.09822441794086223
158,0.20083750683743648
7468,-0.9267498568872449
2362,0.09416932421253826
3237,0.09243920901739672
3264,0.09551852976068181
3266,0.09739332003297002
432,0.12923290262673354
1577,0.12683699177912985
1866,0.13917363948548148
2360,0.0929058538799312
3268,0.09635250771923422
118,0.16414052818269032
7343,-0.09042610655287456
1194,0.09111121383891739
1869,0.09575734116566392
1578,0.18548597994501365
1868,0.09153085244257077
1865,0.09331205711291102
526,0.11575978963916808
759,0.06084209549081046
3256,0.09822441794086223
463,0.33899178767089516
3267,0.09646300925564862
3273,0.09480975958651339
2375,0.09746420209205381
292,0.13126344837567427
291,0.2082550628432266
826,0.11720483429717003
2374,0.0940043966764284
3275,0.09486327394367916
309,0.11157627275817476
3270,0.09253991163084513
1378,0.1156302814634943
3269,0.09140323950019627
2377,0.0940294712700944
1579,0.09481039018138179
1379,0.11812626220266664
2376,0.19159747358846282
822,0.118214150214289
3271,0.1
1870,0.3
3278,0.09803297774828512
1872,0.25987246957088367
2378,0.09642401330676714
3280,0.09480975958651339
3281,0.09628742969131043
87,0.1346166200527057
3187,0.09310471805518487
2379,0.18620943611036975
128,0.1678644689186237
1875,0.09683574762414736
1874,0.14066917289453257
1580,0.09579134846117114
827,0.8899440963650208
3279,0.09822441794086223
3274,0.09715608921861058
7420,-0.1796835322315652
7597,-0.9381315378439794
2354,0.04545985445856135
1871,0.09479950219872757
3285,0.09579873679423141
82,0.17144453304607213
3272,0.09707609687994176
3284,0.0926749856887245
3287,0.09841520108772986
3282,0.09670398624324539
2381,0.09397199036371987
3283,0.09822441794086223
894,0.1359065626044949
2382,0.17856460559246673
3195,0.09707609687994176
7585,-0.6138802915117428
6336,0
3228,0.1
1867,0.0956761436221525
3277,0.09457056975126597
1876,0.14290686280249043
2385,0.19103705952136363
3286,0.030966564715857976
895,0.28727300922002635
3289,0.09408432130124615
1551,0.18302795797561294
983,0.12678638563298622
2384,0.09363059282500429
3291,0.09604936109988238
982,0.14628724130973883
2386,0.09000202888108111
2387,0.09755883403602666
2383,0.09639749384606411
1195,0.08068443783005265
429,0.3511969201631099
2388,0.09475857163259532
6644,0
462,0.13002130401564738
310,0.23163993597918894
3290,0.09822441794086223
3293,0.09628742969131043
3294,0.09670398624324539
3292,0.09822441794086223
7421,-0.29229412916990494
3297,0.09628742969131043
7531,-0.5914453123691407
2389,0.09277909978869767
828,0.9389740772824552
414,0.8803726508620155
6667,0
3298,0.09822441794086223
105,0.16521416917675533
7469,-0.9267498568872449
1877,0.14627302794585906
1878,0.09723315435101287
896,0.12331476702206128
3299,0.09988616242862891
2390,0.09899723525302287
3188,0.09635250771923422
1370,0.09556033472047862
3296,0.09997428808349053
601,0.2602285720090235
2373,0.09386655458187865
1374,0.11788926092266944
1380,0.11681464890070128
2391,0.09867201473751103
1581,0.19171666113845423
1880,0.09707706593955816
1196,0.2799258893879848
3009,0.0866241565236279
3301,0.09724476608255699
397,0.13388755337233135
3295,0.09822441794086223
3300,0.09822441794086223
2392,0.19147286813190761
1381,0.15645789495014298
1582,0.12275358346973873
2155,0.09459772244560267
707,0.10302463735963598
3302,0.0931697031865728
3303,0.09625769858419864
1583,0.3928976717634489
7398,-0.04394605179409957
495,0.31035684487344006
1768,0.273719983452583
7344,-0.0979636687262551
1369,0.47694895064713283
7391,-0.08334247717243796
2393,0.09637716509698624
2080,0.1908718440244045
3305,0.09410873919110332
164,0.1538803079268812
761,0.20776074070875059
3304,0.09240575311849007
376,0.12008153426623236
1881,0.14731629816221548
6736,0
3308,0.09625769858419864
3310,0.09483489866416142
3306,0.09543592201220225
1863,0.14234156967877318
1882,0.09374447900894062
602,0.13290502480853977
3311,0.0905242127426294
3312,0.09348337247612437
7412,-0.11133074006333983
2394,0.09597084103821837
1873,0.09585498717160383
3314,0.09874852981469093
3313,0.09822441794086223
1069,0.6587611743377232
7516,-0.26533293056230856
1883,0.05658241178704824
3309,0.0866241565236279
2833,0.09588484159007384
3315,0.09970579773129865
7435,-0.24700945171020727
7346,-0.09686484010060084
3196,0.09561657811857238
1070,0.16223776002178808
2953,0.0931697031865728
7445,-0.4102674912579252
527,0.4008593629493384
6792,-0.0018890941263722746
6786,0
1884,0.09583337992662504
649,0.08916978565480958
7507,-0.29898959995125385
1584,0.1768594222859491
650,0.08651479306298927
1353,0.12170246771437332
7558,-0.3584102518641843
415,0.4368197525081676
3206,0.0866241565236279
829,0.907210460299163
496,0.18702351592737282
3321,0.09670398624324539
7466,-0.8338169366393253
3316,0.09822441794086223
3322,0.0968666834584718
3318,0.09543592201220225
3323,0.09318777622408508
590,0.2961473519180443
1886,0.09369017875238733
2395,0.04554487281384127
2396,0.09390639091072961
3324,0.0907210460299163
2651,0.09387582580142595
3326,0.09612751438797312
1197,0.13727176482701445
2397,0.050272719546573294
3327,0.09832784181610825
3325,0.09229619746106431
3328,0.09486327394367916
7392,-0.11275556006238069
1885,0.09705013180793498
7446,-0.4159660476804438
2400,0.1930582106440581
3320,0.09661680731029444
2398,0.09583296960922738
7408,-0.4657622322945262
1585,0.37250093403594636
7347,-0.09315244645890525
7485,-0.4796970058475921
7345,-0.09315244645890525
3330,0.09822441794086223
2399,0.09470273420771369
3319,0.09822441794086223
86,0.24845675093504124
7379,-0.09063328558529993
3331,0.09689510731587246
1587,0.3759753685155708
7471,-0.9315244645890524
7459,-0.9315244645890524
7472,-0.9315244645890524
7575,-0.433019550422913
7470,-0.9315244645890524
3214,0.09388966315200718
3307,0.0866241565236279
3334,0.09715608921861058
3332,0.09822441794086223
3333,0.09528929436024658
6878,-0.035036108960112
3317,0.09822441794086223
3329,0.09822441794086223
3335,0.09822441794086223
7542,-0.9429418423555374
7567,-0.9033495852021133
1887,0.14294638583265512
7543,-0.9292983841968288
7473,-0.9543592201220223
233,0.19649766513405476
2401,0.09725592381608633
7474,-0.9315244645890524
1382,0.15363733828826664
831,0.7593547406770429
7475,-0.9315244645890524
830,0.1554503776054076
1879,0.1366079421399103
7436,-0.18959936359833052
2968,0.0968666834584718
7476,-0.9614955324353338
1588,0.0940165408733062
3336,0.0866241565236279
1888,0.1412685382158052
7348,-0.09822441794086223
3337,0.09573643406595381
2402,0.09508982374299577
3340,0.09661680731029444
762,0.10102141800057965
3339,0.09822441794086223
416,0.1503460415937607
897,0.14107716196148093
3338,0.09457056975126597
3341,0.09822441794086223
1889,0.09327125803367953
3342,0.09435960073917651
1589,0.12462991705392375
1071,0.21807078884059758
3343,0.09163420337678507
3262,0.09270003063130743
763,0.3273746065651258
1198,0.14440441746559946
764,0.5091173196760699
7381,-0.1863048929178105
7477,-0.8662415652362789
3347,0.09539222931642735
3344,0.0942334431743293
3345,0.09140323950019627
1891,0.09389133247735576
352,0.20280060494565785
7351,-0.09315244645890525
7350,-0.09315244645890525
3348,0.0942334431743293
1383,0.15804363365095722
3346,0.09435960073917651
898,0.27902697282195715
603,0.16451075371216478
2365,0.18696674495224874
192,0.21156784105200777
1892,0.2781943133565878
708,0.15694827240609757
3350,0.09492721088008227
7493,-0.45274072421146383
7486,-0.45274072421146383
7494,-0.45274072421146383
7492,-0.45274072421146383
7490,-0.45274072421146383
7491,-0.45274072421146383
7487,-0.45274072421146383
7495,-0.45274072421146383
7489,-0.45274072421146383
7488,-0.45274072421146383
7355,-0.09315244645890525
7521,-0.3076744624847291
7357,-0.09315244645890525
2287,0.09151154752656762
7356,-0.09315244645890525
7353,-0.09315244645890525
7354,-0.09315244645890525
7382,-0.08719267332765374
7496,-0.45274072421146383
7559,-0.5906333212477006
7358,-0.09315244645890525
6958,0
7360,-0.09315244645890525
7359,-0.09315244645890525
1199,0.17864852236710896
398,0.12289791740776325
3351,0.09123999448419436
3288,0.08925857806831457
417,0.1548422735832391
899,0.41057236786688234
1384,0.41166724625899404
2407,0.0962766242608852
3356,0.09443534869430048
7362,-0.09315244645890525
2405,0.09610722089422477
7361,-0.09315244645890525
2404,0.1842507287575937
7352,-0.09315244645890525
3359,0.09685661977399858
3353,0.08915939764371086
832,0.13397817745713275
2403,0.1884668863486586
3358,0.08925857806831457
7447,-0.38849149358398216
3361,0.0942334431743293
3352,0.0942334431743293
3362,0.030345445263608387
3363,0.09823331550019956
7478,-0.9337990123853431
418,0.9086444108747265
901,0.8081739691198181
1893,0.09483243446687221
3349,0.09822441794086223
3364,0.0923335334861084
2408,0.01282286906112009
3360,0.09163420337678507
7568,-0.44514733233257936
900,0.11784444357514079
281,0.1232630118071206
3183,0.09634807003141177
2409,0.19181928121691078
3366,0.09628742969131043
709,0.2749535262894764
321,0.15715243022145037
2673,0.09136356077080927
3354,0.09628742969131043
3365,0.09410873919110332
94,0.3799147660207163
375,0.09368996524558715
7063,0
1385,0.15169475635738552
1200,0.18415412725033364
1386,0.1573904240284592
984,0.1245945926818454
1387,0.15830693350049407
498,0.11176510546592365
1554,0.1253396817099309
2293,0.03850425047592695
3370,0.09337990123853432
2411,0.09545800900727801
2412,0.09618768334128741
1593,0.18370673572007
3367,0.09822441794086223
1895,0.09106096695954984
3372,0.031178569144355045
499,0.25889514458996643
3371,0.09136356077080927
2361,0.095185977229888
3369,0.01943694301755335
1896,0.14060099095510464
1592,0.18986683174479732
1594,0.19002552595290592
3376,0.09318777622408508
7087,0
2414,0.1892472173453441
3375,0.09822441794086223
3378,0.09123999448419436
833,0.972262080392477
1368,0.1145904207095087
1201,0.18886131211948945
1586,0.09444836725314464
3379,0.09469095779639627
7502,-0.3715592594802735
7363,-0.07197108884049792
2415,0.09787757291229118
3380,0.09195522954512929
2406,0.09602078515022618
363,0.45709528796861587
528,0.21657245154690793
3381,0.09136356077080927
3383,0.031587358696257214
3373,0.0923335334861084
3240,0.09318777622408508
3384,0.09174470144777296
3128,0.09590964060845539
7383,-0.17765435077822078
7503,-0.26316849881035115
1072,0.2254535364919841
399,0.590764002195382
2633,0.091484782464895
2416,0.09547678234978925
377,0.44335555165212737
141,0.16011279640640533
765,0.5202516582304003
186,0.42005818760200125
2413,0.09586613092282514
1890,0.08704074095826599
2417,0.09367302482193213
1897,0.2933372792824472
230,0.227864186816572
180,0.35365347766235283
2419,0.09450657292723824
2418,0.09340674826003849
7591,-0.32233324813294195
766,0.1030817673243956
558,0.12715446665763963
7364,-0.09012340090556131
2420,0.19411794070363
464,0.3112384189772067
2421,0.19580657891038877
7560,-0.24536130686445096
651,0.24675716991841012
3385,0.09822441794086223
2380,0.0903955003813213
1389,0.5
3388,0.1
378,0.3920502458640556
3387,0.09469095779639627
7161,-0.0005678650527655704
3386,0.0913604651550741
1898,0.2888970289253924
3390,0.09746431682675546
497,0.22108800985685875
3389,0.09667584043512924
3391,0.09012340090556131
7126,0
902,0.16280161481250768
1388,0.05940365249559447
3392,0.0942334431743293
3393,0.09332278912771226
2344,0.09367242539387652
1899,0.2721074924420654
3374,0.09489708899239882
1202,0.11358288141374992
2325,0.08895437031576574
7188,0
7399,-0.17894720636992262
7510,-0.41443972548554847
3357,0.09693073947194122
1390,0.11567049880891099
7532,-0.4361282850254972
338,0.1840019506785127
7522,-0.40540343585931576
7544,-0.6019876128114506
7523,-0.40540343585931576
1894,0.27445434739468494
7479,-0.8662415652362789
7480,-0.8662415652362789
7198,0
1595,0.3791638161239718
3394,0.09408960465128009
1203,0.5687457241859577
7422,-0.3294574548025295
3395,0.09332278912771226
1204,0.26761302235916556
7163,0
7497,-0.4862553172596186
7393,-0.06728048555031867
3396,0.0937106737874082
3397,0.09397029503518706
364,0.5301744931938205
559,0.44926745769028614
604,0.1956074953995009
834,0.9929820258746779
465,0.5338374005344946
560,0.4618595537425894
2423,0.1795285447479484
1391,0.4651970136637515
3399,0.09423277765215456
1591,0.4
7545,-0.9146609208566596
1900,0.09555008848134644
7349,-0.0942334431743293
7365,-0.09626260690318222
1596,0.12063107831582502
2424,0.1860788054655006
3400,0.09315244645890525
3401,0.09746431682675546
652,0.6109391179717673
2425,0.1874216229305706
7481,-0.9667584043512923
903,0.8373546245947527
3403,0.0931697031865728
7230,0
985,0.7703920771343797
1205,0.13743685371742387
1901,0.2946732538225867
3404,0.09469095779639627
3405,0.09446742610897679
400,0.27712706839997886
3407,0.091484782464895
7367,-0.0937106737874082
7366,-0.091484782464895
3408,0.0937106737874082
3409,0.09626260690318222
337,0.1546299316620929
7335,0.05520255937856622
1597,0.12511131183151764
7384,-0.09118939085128386
835,0.948067621785134
836,0.8648728575382694
2426,0.09479004113407544
904,0.12033563914411459
1590,0.12514247534832718
1206,0.5687457241859577
3355,0.09822441794086223
1073,0.3330384412456783
3412,0.0926749856887245
1207,0.28073601468751946
3413,0.08130424754258392
1393,0.11154400720439314
7273,0.0001864993327692563
1902,0.26925120672006836
2410,0.09559002358336458
2427,0.09874910295992359
1392,0.24261560262477866
3414,0.09822441794086223
7368,-0.091484782464895
3368,0.09310471805518487
2312,0.09080409168522816
905,0.16449519232499862
3420,0.09217954750085866
3419,0.0970863623823533
1394,0.46689950619267157
3411,0.0942334431743293
3261,0.0947962145843968
3418,0.09822441794086223
3402,0.09822441794086223
3416,0.09163420337678507
3415,0.09199667509780349
7385,-0.0906828989038691
3417,0.08922137270604663
3421,0.09822441794086223
1395,0.4705436959555166
3216,0.0950519352386011
3422,0.09822441794086223
3423,0.09489708899239882
3424,0.09423277765215456
7369,-0.04758039789526476
3091,0.091484782464895
2422,0.09080409168522816
6921,0.0006806907796668427
1598,0.18651229979479686
3425,0.09469095779639627
1903,0.14063948022484632
3426,0.09489708899239882
2428,0.09080409168522816
3427,0.091484782464895
1074,0.16559572883740475
3428,0.021700902245957915
3429,0.09489708899239882
837,0.948067621785134
1904,0.09362623709409036
1208,0.2822103078296042
605,0.14598792716957712
3431,0.091484782464895
3410,0.091484782464895
3430,0.091484782464895
653,0.29654879791599686
3432,0.09012340090556131
3433,0.091484782464895
1396,0.1156574573043195
7310,-0.0017061532637519111
3434,0.091484782464895
3435,0.09012340090556131
7312,0.0017061532637519111
1858,0.27214144223994136
3436,0.09012340090556131
1905,0.09153109504362716
3437,0.091484782464895
906,0.09460219333665779
7386,-0.061089216777570475
1397,0.23394622710787344
3377,0.09012340090556131
2429,0.0964676140728431
2430,0.0946238543318037
2431,0.09284061059639781
1906,0.0932348868616687
3276,0.09776444879866789
3438,0.091484782464895
3398,0.09489708899239882
1599,0.18953429200090138
7321,-0.0011626924105920672
1075,0.3295038911490355
2432,0.09032209005430293
3439,0.091484782464895
3382,0.091484782464895
3406,0.09626260690318222
3441,0.08956746587162095
3442,0.091484782464895
3443,0.02878126018242057
7330,-0.091484782464895
2433,0.09520068558527442
2435,0.1886007991226883
3444,0.09332278912771226
2436,0.18296956492979
3445,0.0298153882404098
2434,0.09375506239037312
3446,0.09602534231585123
7325,-0.002270279925478118
3440,0.09332278912771226
1907,0.29674976611696147
907,0.8111106081500519
3447,0.091484782464895
838,0.8344207799682364
3448,0.091484782464895
3449,0.09012340090556131
2437,0.09032209005430293
3450,0.09430039956134414
7370,-0.09489708899239882
3451,0.091484782464895
